OID_,vh_raw,vv_raw,S1_pixel_ID,class_assignment
1,0.0210788,3.8971872,423,
2,0.0076237,1.3960496,196,
3,0.0153828,5.8501391,611,
4,0.0132518,0.4053001,2225,
5,0.0162136,2.3729968,1528,
6,0.0147723,0.1588616,1351,
7,0.0065023,0.1067316,154,
8,0.0150255,0.4161195,826,
9,0.0067319,0.0795257,1249,
10,0.0043839,0.0775772,796,
11,0.0043124,0.0549059,1624,
12,0.0050269,0.3074687,1304,
13,0.0034124,0.1178368,1253,
14,0.0027871,0.0954041,1604,
15,0.0033623,0.0905974,561,
16,0.0039412,0.0792381,2375,
17,0.0034421,0.0630189,1516,
18,0.0062297,0.0609861,2416,
19,0.0050433,0.0650029,464,
20,0.0038459,0.0789477,2157,
21,0.0047781,0.0809435,879,
22,0.0045191,0.0635935,964,
23,0.0028542,0.0521537,1633,
24,0.0049897,0.0962783,2480,
25,0.0065692,0.1167624,150,
26,0.0055117,0.0639695,1790,
27,0.0067143,0.0842246,852,NC
28,0.0067381,0.0500853,1560,NC
29,0.0040028,0.0426939,709,
30,0.0072266,0.1297585,1637,
31,0.0088529,0.1583953,2402,
32,0.0074199,0.075603,529,NC
33,0.0058271,0.1298974,1223,NC
34,0.0059955,0.1061748,1387,NC
35,0.0037351,0.0974467,2475,
36,0.0073176,0.0883758,1444,
37,0.0081118,0.0976398,823,NC
38,0.0077692,0.0928556,2039,rough
39,0.0040275,0.0871226,2318,NC
40,0.0040816,0.1199396,41,NC
41,0.0026506,0.1360184,2253,
42,0.0035627,0.0477667,1386,
43,0.0024463,0.042999,93,
44,0.0032357,0.0420025,731,
45,0.00276,0.0611076,1999,
46,0.003109,0.0623948,726,
47,0.0062238,0.0519018,980,
48,0.0032332,0.0658027,778,NC
49,0.0023733,0.0837259,923,NC
50,0.0032627,0.0735941,929,NC
51,0.0059802,0.0504457,1056,
52,0.0132141,1.8375584,623,
53,0.0105982,0.1414496,328,
54,0.0137412,0.5714283,78,
55,0.0104322,0.0867666,507,
56,0.0203576,2.7031107,1440,
57,0.0083208,0.1382754,267,
58,0.0086142,0.029378,192,
59,0.0137203,6.943871,1910,
60,0.0044923,0.3340544,1021,
61,0.0046404,0.1905153,788,
62,0.0175109,7.2320657,1071,
63,0.0054083,0.5349179,1430,
64,0.0023578,0.5011552,1542,
65,0.0359336,20.4543037,1815,
66,0.017312,3.1144979,1399,
67,0.0059244,0.409664,359,
68,0.0022165,0.4719601,703,
69,0.0077827,0.0833659,1907,
70,0.006643,0.0875961,1070,rough
71,0.0056557,0.0862146,331,rough
72,0.0034161,0.0609043,698,NC
73,0.0029441,0.0868314,1131,NC
74,0.0025077,0.0966079,2341,
75,0.007503,0.0561821,2389,NC
76,0.0045978,0.1113428,236,rough
77,0.0030065,0.0823946,881,rough
78,0.0028904,0.0738709,2124,rough
79,0.0024118,0.0624785,355,NC
80,0.002248,0.0497356,1701,
81,0.0082326,0.045474,649,NC
82,0.0055274,0.1075095,1605,rough
83,0.0016407,0.0551472,933,rough
84,0.0035914,0.0480855,2195,rough
85,0.0037506,0.0313133,1109,NC
86,0.0031544,0.0352863,747,NC
87,0.0058624,0.1339243,1944,
88,0.0063744,0.112783,382,NC
89,0.0033059,0.0823673,2202,NC
90,0.0029314,0.037788,300,NC
91,0.0043821,0.0475927,1830,smooth
92,0.0036529,0.0341274,278,smooth
93,0.0036725,0.3149198,98,
94,0.0046839,0.2153812,691,
95,0.0034429,0.1621732,1029,
96,0.0036835,0.0839737,1459,NC
97,0.0044344,0.0591925,1251,smooth
98,0.003557,0.0503585,330,smooth
99,0.003872,0.2991939,437,
100,0.0029119,0.2608661,1819,
101,0.0018332,0.1940094,205,
102,0.0029882,0.1853316,332,NC
103,0.0042923,0.1073521,1549,NC
104,0.0033382,0.1358742,926,NC
105,0.002788,0.0530087,337,NC
106,0.0020475,0.0650471,2278,NC
107,0.0021713,0.056371,393,rough
108,0.0028004,0.0559201,508,
109,0.0033749,0.0621271,1003,
110,0.0021636,0.0349239,1388,NC
111,0.0017249,0.0371892,2074,rough
112,0.0022535,0.0459949,1638,rough
113,0.0024875,0.0564026,227,NC
114,0.002471,0.0594887,297,
115,0.0050074,0.0579344,799,
116,0.0031234,0.0274918,1955,
117,0.0032058,0.0427921,549,NC
118,0.0049851,0.0526276,2322,NC
119,0.0036838,0.0528697,1396,NC
120,0.0038754,0.0409602,1854,
121,0.0065772,0.0486644,490,
122,0.0047713,0.0262708,2185,smooth
123,0.0059703,0.0358031,372,NC
124,0.0066153,0.0417823,582,NC
125,0.002947,0.0403851,1184,NC
126,0.0032585,0.0290725,1168,
127,0.0044559,0.044629,792,
128,0.0043606,0.0439344,893,smooth
129,0.00599,0.0285073,75,smooth
130,0.0066078,0.0221946,1877,smooth
131,0.0038532,0.0267806,563,smooth
132,0.003239,0.0282328,1069,smooth
133,0.0032753,0.0346277,3,NC
134,0.00247,0.1266767,2316,NC
135,0.0038227,0.0685706,511,NC
136,0.0073772,0.0448882,955,smooth
137,0.0072977,0.0392329,2034,smooth
138,0.0058187,0.0392666,651,smooth
139,0.0055138,0.0380827,578,smooth
140,0.0060334,0.0473867,1180,
141,0.0081971,0.050385,1121,
142,0.0068876,0.048983,366,
143,0.0057688,0.0463236,2226,
144,0.0052862,0.028248,1268,
145,0.0043907,0.0528889,249,
146,0.0038012,0.0255703,1471,NC
147,0.0060573,0.0195945,927,
148,0.0051753,0.0448414,1485,
149,0.0033271,0.0517939,45,
150,0.0084306,0.0301454,1526,
151,0.0039061,0.0306621,527,smooth
152,0.0035787,0.0325118,124,smooth
153,0.0032925,0.0423272,670,smooth
154,0.0034807,0.0397825,1447,NC
155,0.0069494,0.0339694,14,
156,0.0092852,0.0394908,2029,
157,0.0188662,20.2825699,2020,
158,0.0116201,0.6616716,1142,
159,0.0056612,0.4306983,1500,
160,0.0023659,0.204266,533,
161,0.0110758,24.2450676,1473,
162,0.0074809,1.0789539,554,
163,0.0050335,1.0149969,91,
164,0.0043816,0.7207469,1409,
165,0.0109505,12.5641155,1626,
166,0.0045527,1.0005522,2522,
167,0.0032769,1.0558443,2334,
168,0.0037093,0.9814243,2343,
169,0.0116453,2.4529948,1915,
170,0.0049337,0.3652595,2056,
171,0.0055528,0.3701745,1315,
172,0.0033664,0.4321108,2297,
173,0.0397193,4.6687851,1917,
174,0.0106127,0.442065,351,
175,0.0047109,0.1057024,2257,
176,0.0053905,0.0762515,1523,
177,0.0030314,0.1240837,2189,
178,0.0461752,3.8727126,1187,
179,0.0133043,0.2889564,1456,
180,0.0048433,0.1159646,758,
181,0.0024031,0.1176746,283,
182,0.0038049,0.112317,1865,
183,0.0052823,0.3153365,164,
184,0.0023561,0.1712362,1016,
185,0.0012862,0.1426753,99,NC
186,0.0030888,0.232889,2058,NC
187,0.0051364,0.1094194,680,NC
188,0.002918,0.1954502,1539,
189,0.004823,0.6080037,1484,
190,0.0025785,0.1993304,1508,
191,0.0045137,0.1783758,2376,NC
192,0.0114827,0.0948106,2414,rough
193,0.0073354,0.1235041,235,NC
194,0.0022702,0.1187812,925,
195,0.0033697,0.6303893,2365,
196,0.0028052,0.323776,1049,
197,0.0053003,0.2998933,564,
198,0.0107246,0.2800715,2006,NC
199,0.0068516,0.239131,158,NC
200,0.0033564,0.155686,155,
201,0.0024414,0.3527926,638,
202,0.0029578,0.2691893,998,
203,0.0023989,0.349003,1460,
204,0.0033407,0.3934956,876,NC
205,0.0039999,0.3096322,2509,NC
206,0.0039773,0.258378,1722,
207,0.0029353,0.1572092,444,NC
208,0.0037231,0.1463825,2062,NC
209,0.0043312,0.1586676,1470,
210,0.0056348,0.1709215,51,
211,0.0044242,0.2192068,2492,
212,0.0028941,0.1924565,1976,
213,0.0051551,0.0814756,2407,NC
214,0.0049705,0.0646819,1197,rough
215,0.0085615,0.046635,2055,NC
216,0.0052167,0.071499,2066,
217,0.0037772,0.1227153,193,
218,0.0019152,0.0598718,1198,
219,0.0024007,0.1721222,814,
220,0.0043977,0.1239488,1747,
221,0.0062425,0.1212287,1291,
222,0.0059173,0.0567996,207,NC
223,0.0054803,0.0628773,402,NC
224,0.0072977,0.0708734,1078,smooth
225,0.0028263,0.1170029,2115,
226,0.0039798,0.1268999,1047,
227,0.0021936,0.16728,1453,
228,0.003585,0.0286667,38,
229,0.0029233,0.0651734,562,
230,0.0045967,0.1072348,1895,
231,0.0042111,0.1289283,750,
232,0.0037112,0.0820181,780,
233,0.0032332,0.0827251,1327,NC
234,0.0041347,0.0329437,195,NC
235,0.0029252,0.0536265,815,NC
236,0.0037389,0.097535,1358,NC
237,0.0056775,0.1956968,1697,
238,0.0060348,0.12991,146,
239,0.0054317,0.1118604,965,NC
240,0.0050208,0.092605,76,NC
241,0.0043,0.0736769,135,NC
242,0.005233,0.0783621,948,NC
243,0.0027279,0.1757881,1059,
244,0.0029113,0.193792,149,
245,0.0039337,0.1688015,2455,
246,0.0041943,0.1588473,860,NC
247,0.0059824,0.1149084,140,NC
248,0.0072252,0.1132373,428,
249,0.0019923,0.083577,1820,
250,0.0015863,0.1031807,2206,
251,0.0023026,0.1325363,534,
252,0.0022631,0.156981,2094,
253,0.0063532,0.1138473,379,
254,0.0084559,0.0864864,241,
255,0.0052753,0.0639517,295,smooth
256,0.002262,0.06363,2491,smooth
257,0.0015514,0.0489473,1013,smooth
258,0.0030166,0.0380151,2127,smooth
259,0.0035087,0.0417706,1083,smooth
260,0.0039279,0.0459495,208,NC
261,0.0042322,0.1182763,321,NC
262,0.0024027,0.0722204,2486,smooth
263,0.0017826,0.0445858,596,smooth
264,0.0033978,0.0426851,613,smooth
265,0.0029319,0.040001,2424,smooth
266,0.0022895,0.0435705,1794,smooth
267,0.0071557,0.1260393,475,NC
268,0.0050419,0.0463412,1199,NC
269,0.0038549,0.0517408,376,NC
270,0.0046959,0.063633,2220,smooth
271,0.0053821,0.0306351,524,smooth
272,0.0037105,0.0461563,1208,smooth
273,0.0075217,0.1149479,1688,NC
274,0.0058613,0.0704896,1693,NC
275,0.0048919,0.0770952,1065,NC
276,0.0058822,0.0749828,914,
277,0.0050971,0.0352211,1727,NC
278,0.0043543,0.0672784,2287,smooth
279,0.0071947,0.1576261,1615,
280,0.0049971,0.1289724,900,NC
281,0.0043083,0.1108722,1153,NC
282,0.0054799,0.0801839,600,
283,0.0049729,0.0391306,417,
284,0.0052573,0.0472759,628,NC
285,0.0083791,0.1383623,1095,
286,0.0052238,0.1412064,1233,
287,0.0040165,0.1151946,1772,
288,0.0051488,0.087715,1785,
289,0.0048783,0.0607945,49,
290,0.0041902,0.0794507,2121,
291,0.0083336,0.0357765,1262,
292,0.0050391,0.0390821,1248,NC
293,0.0024261,0.0591002,349,smooth
294,0.0042809,0.0429133,594,NC
295,0.0073047,0.0433509,1018,rough
296,0.0037857,0.0662304,1547,smooth
297,0.0034814,0.0386538,1648,smooth
298,0.0031836,0.0359464,886,NC
299,0.001982,0.0580079,2052,rough
300,0.0054762,0.0530934,1194,smooth
301,0.0049658,0.025831,2446,smooth
302,0.0042519,0.0226142,202,smooth
303,0.0035426,0.0546207,663,NC
304,0.0052211,0.0656954,678,NC
305,0.0080889,0.0687866,733,NC
306,0.0045458,0.07317,871,NC
307,0.0049821,0.0347031,397,NC
308,0.0060985,0.0261234,2423,smooth
309,0.0067319,0.0419058,732,NC
310,0.0045504,0.0451034,114,NC
311,0.0046122,0.0392581,222,rough
312,0.0064721,0.0375407,1507,NC
313,0.0089014,0.0485486,1281,
314,0.0084382,0.0671222,640,
315,0.0040611,0.0554471,644,
316,0.0040712,0.0770675,544,
317,0.0047729,0.0861354,539,
318,0.0039956,0.0594479,851,
319,0.0044376,0.0981326,1904,
320,0.0060665,0.041659,746,NC
321,0.0066825,0.045246,1274,rough
322,0.0078257,0.0842967,997,rough
323,0.0037864,0.0729437,833,
324,0.0042185,0.0868482,601,
325,0.0033048,0.0401534,137,
326,0.0053356,0.0492971,2008,
327,0.0049919,0.0647769,2339,NC
328,0.0041985,0.0770922,2489,NC
329,0.005222,0.0712327,1953,NC
330,0.0082026,0.0955026,1804,NC
331,0.0068379,0.0938934,2513,
332,0.0051334,0.0988413,237,
333,0.0035614,0.1111211,1510,
334,0.0022486,0.0967013,18,
335,0.0053661,0.0867389,2245,rough
336,0.010624,0.1614764,1193,rough
337,0.0083707,0.1908781,2400,rough
338,0.0053087,0.122655,171,
339,0.0038907,0.1350996,889,
340,0.0040941,0.0838226,362,
341,0.006043,0.1373915,664,NC
342,0.008774,0.1864163,2335,rough
343,0.0066765,0.2564094,1089,rough
344,0.0058429,0.081695,1050,
345,0.0041534,0.0505394,79,
346,0.004573,0.1159375,1649,
347,0.0045056,0.1127194,989,NC
348,0.0047557,0.2161732,2098,rough
349,0.001859,0.0711191,1076,
350,0.0016795,0.0608469,1258,
351,0.0019726,0.0703394,827,NC
352,0.0030352,0.123948,1698,NC
353,0.0030099,0.0298231,2428,
354,0.0036406,0.0361293,1397,
355,0.0027018,0.0798289,1997,
356,0.0018878,0.0996685,1063,
357,0.0045847,0.0787178,2417,
358,0.0040251,0.0290532,884,
359,0.003846,0.0406564,1462,
360,0.0040161,0.0285936,2126,
361,0.0036049,0.0479953,2002,
362,0.0035203,0.0629264,1150,
363,0.0050467,0.0839863,407,
364,0.0046029,0.0529968,1,
365,0.0038483,0.1161372,2372,NC
366,0.0033265,0.0551987,1978,
367,0.0042566,0.0401829,1143,
368,0.0046196,0.0532549,2391,
369,0.0055686,0.0762519,486,
370,0.0073589,0.0653092,36,
371,0.0048315,0.1805757,1611,rough
372,0.0053643,0.0813363,1255,NC
373,0.0038296,0.0622778,1532,
374,0.0043823,0.048869,1436,
375,0.0046724,0.0517082,897,
376,0.0075095,0.0491063,978,
377,0.0062556,0.176912,1968,rough
378,0.0091146,0.0963945,1472,rough
379,0.0041959,0.1019282,905,NC
380,0.0028808,0.0461571,2499,
381,0.0035637,0.0522486,2396,
382,0.0045215,0.0406997,931,
383,0.0049257,0.1305588,1793,rough
384,0.0077006,0.1155329,480,rough
385,0.0070403,0.1167007,8,rough
386,0.002084,0.0391647,1320,
387,0.0018655,0.0556495,1450,
388,0.0019211,0.0413604,1174,
389,0.0063589,0.0600179,1236,
390,0.0050448,0.0857873,1710,
391,0.0048185,0.0794517,699,
392,0.0069681,0.1001477,1106,
393,0.0068737,0.0896284,2187,
394,0.0044142,0.0849487,593,
395,0.0048193,0.0270982,2167,
396,0.0068751,0.0506166,2267,
397,0.0086297,0.0583435,2182,
398,0.0090959,0.1025396,841,
399,0.0082732,0.1060758,637,
400,0.006919,0.0853632,2076,
401,0.0076661,0.047728,1650,
402,0.0096855,0.0463603,952,
403,0.0106685,0.0494083,1921,
404,0.0076974,0.0990876,1345,
405,0.006243,0.1582885,2307,
406,0.0065007,0.1410543,2447,
407,0.0078633,0.0363725,2439,
408,0.0073298,0.0353892,1487,
409,0.006559,0.0467938,973,
410,0.0038648,0.0970478,185,
411,0.0025145,0.1409616,266,
412,0.0053517,0.1183281,1300,
413,0.0047951,0.0308553,1555,
414,0.0037931,0.0284555,705,
415,0.0030235,0.0506899,1267,
416,0.0029989,0.0694407,2394,
417,0.0040213,0.0708323,2355,
418,0.0057177,0.0559797,458,NC
419,0.0036259,0.0379007,2528,
420,0.003986,0.0209614,708,
421,0.0036325,0.047307,1219,NC
422,0.005038,0.0372009,1920,rough
423,0.0073353,0.0277024,1632,NC
424,0.0047253,0.0359934,1220,
425,0.0044071,0.0828532,2233,
426,0.0045249,0.0478896,1372,
427,0.0050244,0.0632647,1813,
428,0.0047055,0.0496375,1619,
429,0.0036427,0.0261198,2146,
430,0.0055832,0.0281515,717,
431,0.0048875,0.100273,647,
432,0.0040634,0.0638747,43,NC
433,0.0033817,0.0965093,1891,NC
434,0.0037435,0.0483937,231,
435,0.0037841,0.0248324,187,
436,0.0051897,0.0284608,1511,
437,0.0050479,0.1142383,972,NC
438,0.0040194,0.0731784,211,rough
439,0.0034791,0.062381,988,rough
440,0.0025701,0.0289681,1334,NC
441,0.0035971,0.0269404,921,rough
442,0.0039393,0.0410463,1353,NC
443,0.0069916,0.0809735,430,rough
444,0.0063653,0.070463,2059,rough
445,0.0060837,0.0929165,541,NC
446,0.0050434,0.0830778,1104,NC
447,0.0056929,0.0605436,1151,rough
448,0.0053876,0.0494096,243,rough
449,0.0082596,0.0402978,1573,rough
450,0.0073631,0.061738,1754,rough
451,0.0096281,0.1291619,781,NC
452,0.0096458,0.1458587,1288,rough
453,0.0084775,0.1050532,858,rough
454,0.0064267,0.0453918,2131,NC
455,0.0067299,0.028727,368,NC
456,0.0060163,0.0366473,2337,NC
457,0.0079373,0.0939202,2105,rough
458,0.0061487,0.0353395,1880,NC
459,0.0045995,0.0175455,122,NC
460,0.0056453,0.0168943,2485,NC
461,0.0054882,0.0850552,567,
462,0.0046693,0.0266032,255,mixed
463,0.0027613,0.0269092,579,mixed
464,0.0038801,0.0425199,987,mixed
465,0.0095186,0.043927,2531,mixed
466,0.003176,0.0969758,375,NC
467,0.0047581,0.045987,499,mixed
468,0.0023965,0.0354749,1524,mixed
469,0.0026633,0.0454654,1654,mixed
470,0.0043242,0.0535978,2014,mixed
471,0.0052341,0.042886,2177,mixed
472,0.0050815,0.0550825,1031,NC
473,0.0031047,0.0480665,1239,NC
474,0.002439,0.0300308,1709,NC
475,0.0018309,0.0201824,2382,mixed
476,0.0029494,0.0355938,1146,mixed
477,0.0039668,0.0358071,1885,mixed
478,0.0048017,0.0289376,138,mixed
479,0.0070053,0.0426057,1001,mixed
480,0.0033611,0.0244908,2144,
481,0.0024669,0.0484337,1613,
482,0.0027234,0.0650095,686,
483,0.0044279,0.0481122,1155,NC
484,0.006077,0.02213,576,mixed
485,0.005846,0.0227882,1846,mixed
486,0.0050584,0.0316818,610,mixed
487,0.0043861,0.1234684,1809,rough
488,0.0039005,0.1147158,2359,rough
489,0.0057128,0.0612986,861,NC
490,0.0092926,0.0278999,2259,NC
491,0.011007,0.0284068,895,NC
492,0.0089534,0.0336729,1367,mixed
493,0.005249,0.0358392,2065,mixed
494,0.0051305,0.0252177,1079,mixed
495,0.0037984,0.0339668,2469,mixed
496,0.0043671,0.0512311,2156,mixed
497,0.0053419,0.0336351,2327,mixed
498,0.0034813,0.0361038,2198,mixed
499,0.0031976,0.0276378,2118,mixed
500,0.004843,0.0303128,100,mixed
501,0.0057132,0.0380456,1439,mixed
502,0.0143993,4.4483447,968,
503,0.0073933,0.3242587,203,smooth
504,0.0061729,0.1800804,1682,smooth
505,0.0195305,5.8194489,2384,
506,0.0089449,0.4733536,2533,smooth
507,0.0046382,0.4003045,2097,smooth
508,0.001812,0.229314,48,smooth
509,0.0017648,0.123711,1873,smooth
510,0.0029414,0.1090452,1554,smooth
511,0.0035549,0.0854654,1667,smooth
512,0.0034067,0.3893534,1844,smooth
513,0.0040494,0.2077651,258,smooth
514,0.0076986,0.1698736,834,smooth
515,0.0084685,0.1153657,1434,smooth
516,0.0011304,0.0788657,718,
517,0.0018645,0.045492,2130,
518,0.0020859,0.0664933,2290,
519,0.0023449,0.0841338,1981,
520,0.0053014,0.0490299,1702,
521,0.0052041,0.0676497,252,
522,0.0039983,0.0710245,1488,
523,0.0084403,0.0522982,1283,
524,0.0067909,0.0377141,1329,
525,0.0067427,0.0583287,1768,
526,0.0058956,0.0996518,1395,
527,0.0068265,0.053585,838,smooth
528,0.0060972,0.066185,1038,smooth
529,0.0064053,0.083923,2163,smooth
530,0.0050518,0.078961,57,NC
531,0.0044074,0.0815586,1859,NC
532,0.0068612,0.0877925,2169,NC
533,0.0027055,0.0895279,1635,NC
534,0.0046279,0.1186078,2050,rough
535,0.0060612,0.1019092,759,rough
536,0.0038466,0.0339317,10,
537,0.002616,0.0355272,2383,
538,0.0025286,0.0396746,1154,
539,0.0030692,0.0677625,1564,NC
540,0.0030115,0.0820386,1214,rough
541,0.0042206,0.0705621,1009,rough
542,0.0048443,0.0298524,1479,
543,0.0064342,0.0237463,357,
544,0.0067473,0.0285923,2136,
545,0.0028241,0.0377411,209,
546,0.0033955,0.0367139,2442,NC
547,0.0039991,0.0402793,2529,NC
548,0.0030886,0.0355356,271,
549,0.0050602,0.0320168,1332,
550,0.0085961,0.0338813,1868,NC
551,0.0042089,0.0502683,2269,
552,0.0041354,0.0231844,298,NC
553,0.0044754,0.0526698,2293,NC
554,0.0025101,0.0815316,2203,NC
555,0.001557,0.0563365,246,
556,0.0073894,0.067663,1708,NC
557,0.0072759,0.0651626,361,
558,0.0055167,0.055215,1110,
559,0.0037599,0.1077061,1901,NC
560,0.0030965,0.1088977,320,NC
561,0.0014048,0.0522647,941,NC
562,0.0046181,0.0698446,2153,rough
563,0.0088324,0.0719211,84,
564,0.0060274,0.0836399,2149,
565,0.0030973,0.1041773,2510,
566,0.0032973,0.0781996,421,
567,0.0030978,0.0594377,2292,NC
568,0.0051378,0.0700503,2388,rough
569,0.0040416,0.0390957,1117,
570,0.0047609,0.0353782,1463,
571,0.0036081,0.0417705,1916,NC
572,0.0042137,0.0432154,642,NC
573,0.0048417,0.0371269,1039,rough
574,0.0044689,0.0562711,614,NC
575,0.0055674,0.0596058,2413,
576,0.0044778,0.0738492,2515,
577,0.0028433,0.0566964,1316,
578,0.0018548,0.0621332,1658,
579,0.0029582,0.0610402,1835,NC
580,0.0048675,0.0604937,604,rough
581,0.00612,0.0935044,2521,NC
582,0.0050195,0.1209195,456,NC
583,0.0034919,0.0589951,1872,
584,0.0046891,0.0491744,2518,
585,0.0064963,0.0469484,1448,NC
586,0.0062554,0.03949,1519,rough
587,0.0060791,0.111266,1313,rough
588,0.0082064,0.1344168,1840,NC
589,0.0059681,0.0451435,1603,
590,0.0060069,0.0372261,503,
591,0.0087954,0.0299881,1906,NC
592,0.0055948,0.0220632,2340,rough
593,0.0065145,0.0864312,1035,rough
594,0.0089312,0.0794317,2362,rough
595,0.0083939,0.042773,333,NC
596,0.0049674,0.0290735,1222,
597,0.0074891,0.0232748,2162,
598,0.0035369,0.0220319,672,NC
599,0.0065421,0.0621966,1883,rough
600,0.0070219,0.0487958,2212,rough
601,0.0084141,0.0591784,757,
602,0.0063579,0.0465932,489,
603,0.0055091,0.0481215,919,
604,0.0038206,0.0505548,1967,NC
605,0.0052624,0.0439984,2319,rough
606,0.0063348,0.0396367,1690,rough
607,0.0069996,0.074512,522,rough
608,0.0058983,0.0522796,1836,rough
609,0.0072474,0.0622777,1992,rough
610,0.0073189,0.0955959,1277,rough
611,0.0057516,0.0345245,953,rough
612,0.0074967,0.0515912,2148,rough
613,0.0066551,0.0828732,1670,rough
614,0.0035076,0.0279142,2164,rough
615,0.0064766,0.0369809,2038,rough
616,0.0029467,0.0351198,365,rough
617,0.0053555,0.0426865,2371,rough
618,0.0068927,0.0500747,844,rough
619,0.0104468,0.04111,1093,rough
620,0.0098671,0.0177049,553,NC
621,0.0085425,0.0277115,2160,NC
622,0.0044162,0.0367582,1784,NC
623,0.0071711,0.0484298,2045,NC
624,0.0054977,0.071656,2425,mixed
625,0.0033435,0.0394774,682,mixed
626,0.0047079,0.0220798,1200,mixed
627,0.0069388,0.0226297,2273,mixed
628,0.008073,0.0291547,1584,mixed
629,0.0084911,0.0504418,1132,NC
630,0.0074664,0.0773158,849,NC
631,0.0045035,0.0588712,501,NC
632,0.0045096,0.0259057,95,mixed
633,0.007681,0.0294356,2500,mixed
634,0.0074321,0.0398821,1766,mixed
635,0.0062843,0.0424729,2227,rough
636,0.0053724,0.0455429,483,rough
637,0.0038094,0.0454952,411,rough
638,0.0044137,0.0465378,1692,NC
639,0.0042891,0.0573355,2176,NC
640,0.0056902,0.0451422,180,NC
641,0.0046879,0.0598801,587,rough
642,0.0037377,0.0595426,1101,NC
643,0.0033705,0.0570656,888,rough
644,0.0049342,0.0573728,2463,
645,0.0039206,0.0490747,1553,
646,0.0062427,0.0441081,286,
647,0.0050697,0.0405915,2159,mixed
648,0.0028777,0.0407639,1455,NC
649,0.0044067,0.0411032,169,mixed
650,0.0032873,0.0312299,2354,NC
651,0.0107767,0.048747,756,NC
652,0.0022402,0.0561374,6,NC
653,0.002733,0.0427439,1357,
654,0.0109311,0.0393378,1796,rough
655,0.0177911,0.0598136,2132,rough
656,0.0121647,0.0592044,190,NC
657,0.0019725,0.0538873,922,rough
658,0.002478,0.0422327,535,NC
659,0.0072422,0.0205013,737,NC
660,0.0106945,0.0269501,2449,rough
661,0.0081952,0.0314915,1157,NC
662,0.0064008,0.0228022,789,
663,0.0025433,0.0324913,741,NC
664,0.0021805,0.0227907,157,NC
665,0.0035968,0.0166537,2186,NC
666,0.0040551,0.0171762,916,NC
667,0.003294,0.0182778,2320,NC
668,0.0029304,0.0116877,2209,NC
669,0.0048869,0.0248992,1216,
670,0.0041421,0.0245617,418,
671,0.0031333,0.0213137,2217,NC
672,0.0025552,0.0232442,950,mixed
673,0.0022989,0.0217054,2249,mixed
674,0.003247,0.0149391,217,mixed
675,0.0039937,0.0206026,1856,
676,0.0019026,0.0145854,990,NC
677,0.002346,0.0194831,1719,
678,0.0040987,0.0099971,872,mixed
679,0.0030881,0.0169702,2071,NC
680,0.0026085,0.0178691,436,
681,0.0031213,0.0279952,974,
682,0.0161098,0.1038027,23,smooth
683,0.0118985,0.0921302,991,smooth
684,0.0077417,0.1417728,1160,smooth
685,0.0081713,0.1518319,817,smooth
686,0.0080539,0.1503697,1847,smooth
687,0.0052388,0.1105845,2232,smooth
688,0.0054848,0.0688135,901,smooth
689,0.0113542,0.0935524,312,smooth
690,0.0095207,0.1241049,302,smooth
691,0.011292,0.1474011,1310,smooth
692,0.0123908,0.1738946,2488,smooth
693,0.0080769,0.1090086,2493,smooth
694,0.0035841,0.0483776,1477,smooth
695,0.0108313,0.0621547,438,NC
696,0.0132381,0.0733121,1033,smooth
697,0.0122244,0.1041501,690,smooth
698,0.0133614,0.0907804,2108,smooth
699,0.0094611,0.0629998,2358,smooth
700,0.0123421,0.0362455,2178,NC
701,0.0087677,0.0480566,1164,NC
702,0.0094149,0.0628988,144,smooth
703,0.0082945,0.0622157,24,smooth
704,0.0041841,0.0438074,1929,
705,0.0075557,0.0731594,2352,NC
706,0.0062953,0.0959493,230,
707,0.0044761,0.0779132,491,
708,0.007055,0.0547385,1706,
709,0.0103441,0.0556422,1490,
710,0.0098907,0.0631889,869,rough
711,0.0053648,0.0718761,1572,smooth
712,0.0079695,0.1030013,1497,NC
713,0.0071789,0.0765027,1717,
714,0.0072502,0.0554776,2190,
715,0.0094921,0.0487882,1517,
716,0.0088986,0.0533496,1679,NC
717,0.0053802,0.0783641,701,smooth
718,0.0097606,0.0755151,1665,smooth
719,0.0103243,0.0560682,1130,smooth
720,0.0054625,0.0684224,1495,smooth
721,0.0053454,0.0894023,1100,NC
722,0.0044619,0.0628262,2041,NC
723,0.0062047,0.0594197,597,smooth
724,0.0092895,0.0418777,1541,smooth
725,0.0107628,0.0427083,1862,smooth
726,0.0083753,0.0772983,1803,smooth
727,0.0072797,0.0894292,764,smooth
728,0.0049061,0.073396,277,smooth
729,0.0043318,0.0423121,308,NC
730,0.006812,0.0250998,903,smooth
731,0.009422,0.0442924,2484,smooth
732,0.0100299,0.0565365,380,smooth
733,0.0093037,0.0550721,82,smooth
734,0.0079072,0.0634461,1827,smooth
735,0.0039119,0.0229355,766,
736,0.0057713,0.0343737,1751,NC
737,0.008017,0.0350243,1498,smooth
738,0.0104483,0.0312583,1892,smooth
739,0.0115058,0.0452784,946,smooth
740,0.0030534,0.0455113,843,
741,0.0069499,0.0392392,2479,NC
742,0.0108608,0.0423351,1792,smooth
743,0.0077734,0.0546768,575,rough
744,0.005258,0.0499187,825,NC
745,0.0052276,0.0663721,956,
746,0.005382,0.071618,1742,
747,0.0050063,0.0950479,348,
748,0.0049258,0.0959031,2236,NC
749,0.0071779,0.0484308,1780,NC
750,0.0036006,0.0427915,1568,NC
751,0.0027057,0.065175,2348,
752,0.0039449,0.0823103,624,
753,0.0050714,0.1139318,1870,
754,0.0056736,0.1062505,599,NC
755,0.0054444,0.0434684,2111,
756,0.0032097,0.0367617,2356,NC
757,0.0012756,0.0734723,1821,
758,0.0017649,0.0896672,1930,
759,0.003544,0.0801592,1893,
760,0.0045076,0.0657884,1866,NC
761,0.0052381,0.0494333,1352,smooth
762,0.005405,0.0344002,1228,NC
763,0.0037368,0.0623969,1022,
764,0.003819,0.0730701,2254,
765,0.0028545,0.0438667,1741,
766,0.0028021,0.0430763,999,rough
767,0.0077097,0.0641533,2302,smooth
768,0.0108108,0.0492046,403,smooth
769,0.006941,0.0408491,61,NC
770,0.0052294,0.040551,2086,
771,0.0033095,0.0429126,123,
772,0.0028588,0.0609554,565,rough
773,0.012534,0.0651618,1179,smooth
774,0.0149004,0.0594406,677,smooth
775,0.0107324,0.0297854,159,smooth
776,0.0067102,0.0221233,632,NC
777,0.0037265,0.0351591,2468,
778,0.0025978,0.0568235,455,rough
779,0.0127366,0.0528927,736,smooth
780,0.0145434,0.0540069,832,smooth
781,0.0131199,0.0366713,2054,smooth
782,0.0079326,0.0224659,168,smooth
783,0.0038849,0.0224627,59,NC
784,0.0032247,0.0373511,674,rough
785,0.0059036,0.0684482,1026,NC
786,0.0053623,0.0712348,939,rough
787,0.0065156,0.0527626,1321,rough
788,0.0091836,0.0419716,2035,rough
789,0.0117292,0.0616759,2046,rough
790,0.0056488,0.052485,1420,
791,0.0071147,0.0530665,287,rough
792,0.0088218,0.0556672,1292,rough
793,0.0060785,0.0642099,848,
794,0.0037881,0.0596169,133,rough
795,0.0053881,0.0562716,1980,rough
796,0.0062672,0.0537416,622,NC
797,0.0070886,0.0416929,179,
798,0.0041683,0.0440714,160,rough
799,0.0039605,0.0413592,1004,rough
800,0.0049663,0.0368024,2215,rough
801,0.0065139,0.0393284,1923,
802,0.0075716,0.0352241,808,
803,0.0064103,0.0373818,1737,NC
804,0.0062042,0.0300715,1175,mixed
805,0.0030513,0.0311394,525,mixed
806,0.002267,0.0346906,1565,mixed
807,0.0035731,0.0291176,2263,mixed
808,0.0104605,0.0601492,2345,
809,0.011317,0.0555711,2519,NC
810,0.0038152,0.0407899,1363,mixed
811,0.0024107,0.0369091,492,mixed
812,0.0039931,0.0288292,993,mixed
813,0.0094052,0.0782545,1563,
814,0.006295,0.051298,2459,NC
815,0.0056777,0.0245825,177,mixed
816,0.004716,0.0206906,294,mixed
817,0.0103892,0.0152123,1513,mixed
818,0.0062837,0.015353,1270,mixed
819,0.0059665,0.014771,289,mixed
820,0.0044953,0.0115481,1356,mixed
821,0.0025714,0.0199622,232,mixed
822,0.0018606,0.029547,2435,NC
823,0.0032382,0.0338886,1647,NC
824,0.0061975,0.0276709,2280,
825,0.0047025,0.0240013,1686,mixed
826,0.0029823,0.033952,2272,mixed
827,0.0017199,0.0325481,1729,mixed
828,0.0037973,0.0470783,917,mixed
829,0.0042939,0.031802,1373,NC
830,0.0042732,0.0134411,2422,
831,0.0055249,0.0395361,1839,mixed
832,0.0045376,0.0466467,2524,mixed
833,0.0029855,0.0315065,2004,mixed
834,0.0041455,0.0282344,2433,mixed
835,0.002806,0.0235097,1726,mixed
836,0.0024523,0.013244,2166,NC
837,0.0047311,0.0311375,2404,mixed
838,0.0050423,0.0389423,2079,mixed
839,0.0054278,0.0290304,2040,mixed
840,0.0067183,0.0238903,148,mixed
841,0.0049583,0.0280958,1427,mixed
842,0.0025636,0.0210857,2330,mixed
843,0.0027659,0.0144689,1802,mixed
844,0.0042118,0.0264949,804,mixed
845,0.007491,0.0261757,1583,mixed
846,0.010041,0.0206634,1758,mixed
847,0.0077998,0.0298042,1571,mixed
848,0.0034386,0.0235273,619,mixed
849,0.0027385,0.0361814,1610,mixed
850,0.0043831,0.0254812,1983,mixed
851,0.0060129,0.0391409,560,mixed
852,0.0062767,0.0446559,1424,mixed
853,0.0056032,0.0476157,56,mixed
854,0.0040295,0.0225073,864,mixed
855,0.0074131,0.0316386,1272,mixed
856,0.0045629,0.0414892,352,mixed
857,0.0029514,0.0542898,2401,mixed
858,0.004686,0.0453353,2317,mixed
859,0.0058571,0.0245059,1963,mixed
860,0.0025857,0.0170824,2465,NC
861,0.0027135,0.0183426,1457,NC
862,0.0020381,0.030363,2191,
863,0.0025872,0.0167125,405,mixed
864,0.0024319,0.0141645,281,NC
865,0.0015471,0.0294204,543,
866,0.0038654,0.0161626,1975,mixed
867,0.0019618,0.0132105,1952,mixed
868,0.0023336,0.0180532,242,NC
869,0.0053912,0.0244681,2464,mixed
870,0.0020624,0.0200019,1900,mixed
871,0.0029116,0.0120221,1442,mixed
872,0.0052921,0.0152898,2454,NC
873,0.006379,0.0625952,1361,NC
874,0.0069276,0.0503662,318,smooth
875,0.0077901,0.0472844,940,smooth
876,0.0068849,0.0451904,1591,smooth
877,0.0071791,0.0239425,398,smooth
878,0.0050874,0.0247016,1127,smooth
879,0.0044055,0.0332603,2418,NC
880,0.0080147,0.0590263,1340,smooth
881,0.0075876,0.0460998,1275,smooth
882,0.0072733,0.0225788,1831,smooth
883,0.0084232,0.0321913,1046,smooth
884,0.0067175,0.0226973,1393,NC
885,0.0066392,0.0417835,1417,smooth
886,0.010607,0.0409552,753,smooth
887,0.0107554,0.0211594,315,smooth
888,0.0114512,0.0483962,722,smooth
889,0.0121454,0.0375613,1874,smooth
890,0.0057697,0.036155,1285,rough
891,0.0037584,0.0395002,369,rough
892,0.0054638,0.0368898,2095,rough
893,0.0065417,0.0389124,245,NC
894,0.0090556,0.0347734,1663,rough
895,0.0050887,0.042105,2082,rough
896,0.0056619,0.0378666,162,rough
897,0.0071124,0.0386303,2139,rough
898,0.0084978,0.0391751,1941,rough
899,0.0069399,0.02988,1990,
900,0.0084528,0.0180782,730,NC
901,0.005058,0.0277849,1294,NC
902,0.0041098,0.0281278,1627,NC
903,0.005185,0.0322151,345,rough
904,0.0075184,0.0291961,1558,NC
905,0.0088439,0.0471894,1829,NC
906,0.0066081,0.0243914,105,smooth
907,0.0053371,0.0218207,2331,NC
908,0.0048368,0.0205036,1425,NC
909,0.0044735,0.0248704,2497,NC
910,0.0067136,0.0280565,1545,rough
911,0.0090047,0.0494245,1712,NC
912,0.0042744,0.0314437,798,NC
913,0.0057669,0.0250191,1392,water
914,0.0063041,0.0194835,1496,NC
915,0.0059715,0.0218236,2282,
916,0.0063421,0.0232028,1814,
917,0.0079001,0.0320806,1301,NC
918,0.0052229,0.0264051,1209,water
919,0.0056406,0.0268359,1052,water
920,0.0054742,0.0222323,559,NC
921,0.0058002,0.0306821,2305,
922,0.004553,0.0669542,424,NC
923,0.0061616,0.0635568,1745,
924,0.0052778,0.0756508,523,rough
925,0.0048292,0.0663007,552,rough
926,0.0057015,0.0286556,1074,
927,0.0074228,0.0191665,1884,
928,0.0067013,0.0483319,1419,NC
929,0.0048737,0.0447932,1254,NC
930,0.0068515,0.0333853,2140,NC
931,0.0093935,0.0252986,37,
932,0.0067456,0.0218315,132,NC
933,0.0035284,0.0289502,866,NC
934,0.0036326,0.0397874,260,NC
935,0.0058039,0.0315409,1475,
936,0.0043022,0.0332937,557,
937,0.0040789,0.043302,805,
938,0.0054603,0.0362107,1777,
939,0.0054165,0.0221949,2238,NC
940,0.0043157,0.0201723,961,NC
941,0.0043549,0.0261726,434,
942,0.0027932,0.0334807,2532,
943,0.0027377,0.0489847,1631,
944,0.0058235,0.0292992,1139,mixed
945,0.0026933,0.0280582,115,mixed
946,0.0038106,0.0253843,2010,mixed
947,0.004297,0.0245321,1068,mixed
948,0.0045106,0.0253672,2099,mixed
949,0.0039095,0.0272849,2473,mixed
950,0.0038421,0.0252657,2085,mixed
951,0.004754,0.038367,1899,mixed
952,0.004578,0.0269498,1366,mixed
953,0.0054804,0.0291091,2452,mixed
954,0.005874,0.0387099,404,NC
955,0.0042953,0.0313487,1040,mixed
956,0.0026271,0.0320956,530,mixed
957,0.0017599,0.0189115,945,mixed
958,0.00233,0.0110158,812,mixed
959,0.0026366,0.012212,797,NC
960,0.0039748,0.0269563,1449,mixed
961,0.0030334,0.0328787,820,mixed
962,0.0020152,0.0239941,938,mixed
963,0.0015533,0.0166483,1843,mixed
964,0.002176,0.0171059,1890,NC
965,0.0029169,0.0227548,2326,NC
966,0.0045837,0.0210985,1600,mixed
967,0.0021912,0.0227726,1795,mixed
968,0.0011567,0.0218824,121,mixed
969,0.0032687,0.021448,1738,mixed
970,0.0054244,0.0164171,1336,mixed
971,0.0037852,0.0198589,248,NC
972,0.0055031,0.0192338,1601,mixed
973,0.0041682,0.0184491,250,mixed
974,0.003221,0.0207337,896,mixed
975,0.0047221,0.0174812,542,mixed
976,0.0104689,0.0124659,1574,mixed
977,0.0052634,0.0125804,419,mixed
978,0.0066956,0.0217277,1202,mixed
979,0.0057088,0.0214185,2347,mixed
980,0.0048285,0.0205736,2053,mixed
981,0.0043651,0.0180843,1308,mixed
982,0.0088571,0.0126034,13,mixed
983,0.0054283,0.0101213,1897,mixed
984,0.0040377,0.0330755,259,NC
985,0.0029498,0.0318517,1191,mixed
986,0.0035441,0.0283189,2151,mixed
987,0.0040486,0.0186625,537,mixed
988,0.0044395,0.010978,2024,mixed
989,0.0040102,0.0141537,1218,mixed
990,0.003317,0.0336491,706,
991,0.0021297,0.019747,675,NC
992,0.0034723,0.0110292,850,NC
993,0.0035597,0.0059376,1622,
994,0.0043268,0.0139121,2107,mixed
995,0.0053447,0.011904,2458,NC
996,0.0039565,0.0198153,2133,water
997,0.0046406,0.0350922,2444,NC
998,0.0064077,0.0347921,2349,water
999,0.0040711,0.0290736,206,NC
1000,0.0036714,0.0344248,2141,
1001,0.0048687,0.0615385,2427,
1002,0.0046803,0.0594899,1364,
1003,0.0036121,0.0377383,1468,
1004,0.0049466,0.0206494,1966,
1005,0.0072664,0.0166675,2526,
1006,0.003255,0.0243139,2228,water
1007,0.0049438,0.0280918,795,NC
1008,0.0074238,0.0591494,1696,
1009,0.0035504,0.0680833,1165,
1010,0.0025499,0.054502,2063,
1011,0.0051097,0.0285349,443,
1012,0.0104362,0.0247166,1057,
1013,0.0037839,0.0268487,25,water
1014,0.0030361,0.0381756,341,water
1015,0.00175,0.0495177,762,water
1016,0.0030414,0.0390967,347,water
1017,0.0049854,0.0204117,1330,water
1018,0.0068719,0.0243272,109,NC
1019,0.0014264,0.0232557,1318,NC
1020,0.0017091,0.0319593,2224,water
1021,0.0029587,0.023803,2507,water
1022,0.0042899,0.0184042,1433,water
1023,0.0039031,0.0280412,65,water
1024,0.0043002,0.0257245,1034,
1025,0.0039498,0.025166,887,
1026,0.0040058,0.0324631,381,NC
1027,0.0049434,0.0557557,1894,NC
1028,0.0047888,0.0401232,181,
1029,0.0057449,0.0612925,1928,
1030,0.0048031,0.0159176,228,
1031,0.0032653,0.021076,2210,
1032,0.0037826,0.0342636,1934,NC
1033,0.003153,0.041873,1781,NC
1034,0.0099163,0.0240442,2360,
1035,0.0064599,0.0278901,1023,
1036,0.0058867,0.0265025,350,
1037,0.0042201,0.0193354,472,
1038,0.003351,0.0187519,1008,NC
1039,0.0040983,0.0264177,1735,NC
1040,0.0071835,0.0313196,1118,NC
1041,0.0078458,0.0468132,727,NC
1042,0.0075642,0.0470754,1942,NC
1043,0.005783,0.0378813,1298,NC
1044,0.0057468,0.0484279,1467,NC
1045,0.0037221,0.0480143,2093,
1046,0.0057553,0.0359833,1822,water
1047,0.0070326,0.0466437,1699,water
1048,0.0063887,0.059456,2270,water
1049,0.0049749,0.0564684,1418,rough
1050,0.0056841,0.0688138,1183,rough
1051,0.0055029,0.0584145,937,NC
1052,0.0069912,0.0756506,763,NC
1053,0.0066825,0.061638,2235,NC
1054,0.0044408,0.0535182,570,NC
1055,0.0034296,0.0551529,1995,rough
1056,0.0062814,0.0475868,697,rough
1057,0.0107941,0.0464067,2104,NC
1058,0.0068565,0.0629143,949,
1059,0.0060627,0.0506533,191,
1060,0.0040039,0.0466972,602,
1061,0.0037394,0.0569237,2214,NC
1062,0.0053708,0.0397897,2274,NC
1063,0.0107847,0.0308226,2321,
1064,0.007554,0.0378342,1024,NC
1065,0.0060972,0.0443359,435,
1066,0.0081601,0.0408268,1432,rough
1067,0.0071408,0.0556662,2143,rough
1068,0.0065509,0.0467977,1896,
1069,0.0066458,0.0433157,598,
1070,0.0080288,0.0393224,239,
1071,0.0087463,0.0713331,1629,NC
1072,0.0093909,0.1035339,996,rough
1073,0.0089944,0.0404678,2175,
1074,0.0053914,0.0442072,2298,
1075,0.0069464,0.0297644,2137,
1076,0.0113922,0.0564297,2222,
1077,0.0116599,0.0915912,378,NC
1078,0.0106201,0.0669797,1362,NC
1079,0.0102246,0.0371328,782,
1080,0.0054495,0.0498055,488,
1081,0.0042594,0.0409517,855,
1082,0.0061355,0.0575041,770,
1083,0.0072562,0.0721025,1125,
1084,0.0068061,0.0554371,31,
1085,0.0069198,0.0591795,1621,rough
1086,0.0051786,0.0407166,1730,rough
1087,0.0056374,0.0675865,702,
1088,0.0047507,0.0599936,1947,NC
1089,0.0064898,0.0664425,1203,rough
1090,0.0078295,0.0975104,1965,NC
1091,0.0035704,0.0443449,44,NC
1092,0.0032559,0.0359794,83,mixed
1093,0.0031541,0.0182616,1002,mixed
1094,0.0029939,0.0100935,954,mixed
1095,0.002987,0.0171452,1812,mixed
1096,0.0021819,0.0250166,358,NC
1097,0.0021481,0.0202712,1295,mixed
1098,0.0018426,0.0145589,1369,mixed
1099,0.0020251,0.0183304,666,mixed
1100,0.0023838,0.0158749,335,
1101,0.0032572,0.0350475,2022,NC
1102,0.0025984,0.0281842,90,NC
1103,0.0037373,0.024866,251,NC
1104,0.0041789,0.0481688,1036,NC
1105,0.0036704,0.0442242,609,NC
1106,0.0037371,0.0354174,2301,
1107,0.0032383,0.044953,551,NC
1108,0.0025246,0.0307991,2490,
1109,0.0048741,0.0333159,1723,
1110,0.005463,0.0273099,2125,NC
1111,0.0035358,0.0182144,1879,mixed
1112,0.0057805,0.0137616,71,NC
1113,0.0056856,0.023254,2357,NC
1114,0.0018346,0.0124595,1837,mixed
1115,0.0044372,0.0093068,442,mixed
1116,0.0058759,0.0153762,2378,rough
1117,0.005464,0.0224139,327,rough
1118,0.0039227,0.0235903,2395,mixed
1119,0.0028089,0.0159531,353,NC
1120,0.00407,0.0180223,1689,NC
1121,0.0041709,0.0131148,388,rough
1122,0.0052356,0.0351324,234,
1123,0.0034241,0.024788,2478,
1124,0.0031694,0.0224735,2462,
1125,0.0027366,0.0168027,142,NC
1126,0.001892,0.0239247,531,rough
1127,0.0034453,0.026976,356,
1128,0.003176,0.0264415,734,
1129,0.0027733,0.021972,868,
1130,0.0032144,0.0211066,2506,
1131,0.0040647,0.0231374,383,NC
1132,0.0049174,0.0387184,641,NC
1133,0.0040712,0.0252735,652,NC
1134,0.0029619,0.0220591,1938,
1135,0.0023201,0.0191349,1898,
1136,0.0032949,0.0198033,985,
1137,0.0055731,0.0176928,1597,NC
1138,0.0058615,0.0237145,457,NC
1139,0.0059151,0.0378424,1592,
1140,0.0040932,0.0309407,1044,
1141,0.0046467,0.0502489,1204,
1142,0.0045332,0.062385,899,
1143,0.0050513,0.0431523,2032,
1144,0.0091858,0.0295773,1886,
1145,0.0025326,0.0329034,429,
1146,0.0038793,0.0504295,2003,
1147,0.0032069,0.0506189,515,
1148,0.0031595,0.0228976,1221,
1149,0.0063738,0.019978,19,
1150,0.0028824,0.0357785,465,
1151,0.0043678,0.0139777,548,
1152,0.0041575,0.0208453,2200,
1153,0.0047918,0.034334,2502,
1154,0.0102999,0.0411119,1391,
1155,0.006228,0.0519049,1141,
1156,0.0040059,0.0438203,1773,
1157,0.0065802,0.0368763,414,
1158,0.0067647,0.0400597,1514,
1159,0.0050776,0.0433373,377,
1160,0.0077178,0.0318748,1681,
1161,0.0066834,0.035571,445,
1162,0.0043987,0.0267105,432,
1163,0.0036857,0.0164094,1998,
1164,0.0050323,0.02623,1858,
1165,0.0056108,0.0336784,877,
1166,0.0040266,0.0362526,2487,
1167,0.0053111,0.0216131,1322,
1168,0.0052794,0.0225432,173,
1169,0.003005,0.0311659,1855,
1170,0.0029352,0.0389487,1134,
1171,0.0048185,0.0384514,1250,
1172,0.0029921,0.0431336,1685,
1173,0.0039697,0.0358243,111,
1174,0.0077619,0.0351216,2096,
1175,0.0059118,0.0311325,1414,
1176,0.0031221,0.0353707,1383,
1177,0.0028413,0.0473494,451,
1178,0.0034997,0.0494868,1748,
1179,0.0066313,0.0446387,1851,
1180,0.0074598,0.0299171,229,
1181,0.0038479,0.0272093,1246,
1182,0.0025225,0.0388425,1609,
1183,0.0034038,0.0285155,324,
1184,0.0034156,0.0290799,2527,
1185,0.0058131,0.0541067,2264,
1186,0.0074066,0.0474408,58,
1187,0.0096187,0.055564,1680,
1188,0.0094774,0.096984,1501,NC
1189,0.0096789,0.087955,671,rough
1190,0.0122585,0.0445577,1133,NC
1191,0.0070752,0.0295941,1319,
1192,0.00821,0.0294105,586,
1193,0.0098421,0.0489833,629,
1194,0.0098342,0.0652221,216,
1195,0.0091528,0.0601711,1138,
1196,0.0141483,0.0430675,772,NC
1197,0.0068695,0.0271921,1849,
1198,0.0064819,0.0341674,787,
1199,0.0086754,0.0565461,2369,
1200,0.0107183,0.0635419,420,
1201,0.0083649,0.0544385,1734,
1202,0.009599,0.0550996,1853,NC
1203,0.0045979,0.0525156,1482,
1204,0.0045573,0.0625096,1752,
1205,0.0048897,0.0352091,1736,
1206,0.0074474,0.0444266,1939,
1207,0.0084064,0.0521599,2477,NC
1208,0.0070376,0.0425324,2033,NC
1209,0.0039446,0.0461501,2044,
1210,0.0042536,0.0507306,42,
1211,0.0037485,0.0331406,2511,
1212,0.0040861,0.0298232,882,
1213,0.00767,0.0357468,891,NC
1214,0.0099055,0.0279388,1559,NC
1215,0.0034854,0.0279683,156,
1216,0.0047863,0.0384557,930,
1217,0.0053496,0.0455639,2243,
1218,0.0040906,0.043248,1540,
1219,0.0067363,0.0395833,1950,
1220,0.0113298,0.029347,769,
1221,0.0046019,0.0275044,276,
1222,0.0053066,0.0358892,1767,NC
1223,0.0098396,0.0401283,2314,NC
1224,0.0039534,0.0451821,700,NC
1225,0.0061733,0.0627552,1323,rough
1226,0.0024668,0.025591,2184,NC
1227,0.0019907,0.0523732,450,NC
1228,0.0073997,0.0652205,1666,rough
1229,0.0049277,0.0703949,21,NC
1230,0.005443,0.0930314,982,NC
1231,0.0048473,0.0660954,932,rough
1232,0.0031172,0.0323221,1988,NC
1233,0.0010948,0.0508545,1162,NC
1234,0.0040083,0.0580768,2155,
1235,0.0029132,0.0757848,2429,
1236,0.0037234,0.0970689,2431,NC
1237,0.0038988,0.0689693,583,rough
1238,0.004823,0.0351888,1375,NC
1239,0.0043002,0.0510857,1010,rough
1240,0.0072767,0.0414401,1126,
1241,0.0044142,0.0689488,2390,
1242,0.003721,0.0973834,2042,NC
1243,0.0027313,0.0797077,811,NC
1244,0.0027465,0.0485565,591,NC
1245,0.0037015,0.0544888,1661,NC
1246,0.0089985,0.0340083,2346,
1247,0.0052078,0.0536358,1875,
1248,0.0046521,0.0928676,774,
1249,0.0048717,0.10971,667,NC
1250,0.0053929,0.0759574,2283,mixed
1251,0.0034973,0.0453051,1596,mixed
1252,0.0043449,0.037249,446,NC
1253,0.0051191,0.0274393,1435,
1254,0.0039335,0.0134217,108,
1255,0.0030641,0.0175216,1996,
1256,0.0042626,0.0137006,2286,NC
1257,0.0054339,0.0178867,296,NC
1258,0.0024532,0.0451175,2426,NC
1259,0.0063652,0.0348754,711,
1260,0.0056777,0.0101137,1764,
1261,0.0032598,0.0209601,518,
1262,0.0020887,0.0130854,29,
1263,0.0042151,0.0190827,2258,water
1264,0.0022516,0.0448175,1311,rough
1265,0.0043548,0.0379804,2291,NC
1266,0.0037959,0.0207976,801,
1267,0.0015327,0.0154604,2481,
1268,0.0017337,0.0157372,305,
1269,0.0020426,0.0205477,911,NC
1270,0.0046589,0.0536621,959,NC
1271,0.0040519,0.0509456,2221,rough
1272,0.0022236,0.0405934,1903,NC
1273,0.001584,0.0248312,2466,
1274,0.0017319,0.0251392,1956,NC
1275,0.0018062,0.0243037,1261,
1276,0.0045666,0.0542978,1217,NC
1277,0.0044385,0.0552907,822,NC
1278,0.0027475,0.04671,500,NC
1279,0.0011053,0.0383922,512,NC
1280,0.0016224,0.0349481,86,rough
1281,0.0025269,0.0332378,995,NC
1282,0.0030635,0.0430358,821,NC
1283,0.0036615,0.0495744,1744,NC
1284,0.0040359,0.0428273,454,rough
1285,0.0052472,0.0386085,2244,rough
1286,0.0052299,0.0481635,1954,NC
1287,0.0032397,0.0512446,1235,rough
1288,0.004542,0.0256766,1757,NC
1289,0.0039589,0.0199785,30,water
1290,0.0037246,0.0203685,546,NC
1291,0.006844,0.0221411,1646,
1292,0.0036372,0.0275789,874,water
1293,0.0038452,0.0262723,386,water
1294,0.0070705,0.0302608,693,NC
1295,0.0054245,0.0201011,2430,
1296,0.0032418,0.0275444,1342,
1297,0.0047956,0.028408,253,NC
1298,0.0080058,0.0248715,2281,water
1299,0.00768,0.0210698,2405,water
1300,0.0042018,0.0289331,1394,water
1301,0.003891,0.0343622,322,
1302,0.0062758,0.0302444,2368,
1303,0.0110842,0.0242779,2102,NC
1304,0.0114758,0.0192179,1570,NC
1305,0.0068333,0.0213571,1561,NC
1306,0.0046966,0.0204646,1135,water
1307,0.0030468,0.0474432,687,rough
1308,0.0038989,0.0359463,2300,NC
1309,0.006601,0.0280887,606,NC
1310,0.0086854,0.016843,1406,mixed
1311,0.0061123,0.0114923,1985,mixed
1312,0.0047456,0.0226432,310,mixed
1313,0.0046767,0.0282317,1213,NC
1314,0.0037705,0.0268447,1973,NC
1315,0.0027664,0.043525,1623,
1316,0.0039449,0.0428712,880,
1317,0.0017559,0.0469264,1355,
1318,0.007724,0.0381541,1290,
1319,0.0042872,0.0400587,487,
1320,0.0046416,0.0475163,346,
1321,0.0050188,0.0494024,505,
1322,0.0038335,0.0500704,967,
1323,0.0043853,0.0414571,1960,
1324,0.0074473,0.0402233,2311,
1325,0.0052289,0.0487378,2219,
1326,0.0049006,0.0393531,2296,
1327,0.0027052,0.0392467,1090,
1328,0.001739,0.038998,1580,
1329,0.0025152,0.0321737,1186,
1330,0.0049306,0.0291327,712,
1331,0.0026158,0.0449518,2000,
1332,0.0026986,0.0402193,830,
1333,0.004622,0.0781467,2350,
1334,0.0070109,0.0540468,470,
1335,0.0052656,0.0506181,2,
1336,0.0053129,0.0681939,710,NC
1337,0.0071956,0.1007708,1247,mixed
1338,0.0112976,0.079137,862,mixed
1339,0.0057284,0.0423505,1276,mixed
1340,0.0041768,0.0493745,406,
1341,0.0049622,0.0568117,913,
1342,0.006945,0.0553873,1949,NC
1343,0.0065403,0.0749343,590,mixed
1344,0.0063338,0.080341,683,mixed
1345,0.0051624,0.0590498,809,mixed
1346,0.0051763,0.0471465,2070,
1347,0.0055987,0.054608,2420,
1348,0.0072222,0.0497641,1215,NC
1349,0.0082878,0.0533506,1867,mixed
1350,0.0080262,0.0668798,1189,mixed
1351,0.0088318,0.0814138,592,mixed
1352,0.0100613,0.0752048,942,
1353,0.0096977,0.0487548,1458,
1354,0.0076202,0.0288689,720,NC
1355,0.0101918,0.0168722,1178,mixed
1356,0.0095377,0.0353447,661,mixed
1357,0.0103789,0.0973205,970,mixed
1358,0.0159909,0.0454516,630,
1359,0.0086057,0.0333577,1887,NC
1360,0.0124375,0.0419806,2194,mixed
1361,0.0088228,0.049753,1005,mixed
1362,0.0078676,0.0940641,2377,mixed
1363,0.0130026,0.050128,660,NC
1364,0.0118621,0.0456512,2207,mixed
1365,0.0061758,0.070586,1380,mixed
1366,0.0042908,0.0370216,510,mixed
1367,0.0048213,0.0516701,129,NC
1368,0.0057177,0.0474168,771,NC
1369,0.0069377,0.0295755,373,rough
1370,0.0070934,0.0631518,745,rough
1371,0.0038727,0.0680868,325,rough
1372,0.0057138,0.0363299,2067,mixed
1373,0.0076982,0.0524057,2494,mixed
1374,0.0081535,0.0708151,2441,mixed
1375,0.0073703,0.0450259,1365,NC
1376,0.0049317,0.0728069,566,rough
1377,0.0036573,0.0758629,853,rough
1378,0.0072204,0.0496224,1207,mixed
1379,0.0101912,0.0523031,573,mixed
1380,0.0165882,0.1217228,1882,mixed
1381,0.0086244,0.0993036,1098,mixed
1382,0.0035799,0.0910949,724,NC
1383,0.0035415,0.0737803,47,NC
1384,0.0087254,0.0903362,493,mixed
1385,0.0093677,0.064421,1075,mixed
1386,0.0151508,0.1057983,1725,mixed
1387,0.0093171,0.1097391,516,mixed
1388,0.0063327,0.1016237,1404,mixed
1389,0.0046404,0.0668527,1828,NC
1390,0.0083153,0.109801,2237,mixed
1391,0.0065267,0.0733892,1349,mixed
1392,0.0075296,0.0599067,81,mixed
1393,0.0082979,0.0683017,1543,mixed
1394,0.0066119,0.0765169,1957,mixed
1395,0.0046917,0.0589224,1169,NC
1396,0.0068933,0.0874829,2088,mixed
1397,0.0067238,0.0618623,1616,mixed
1398,0.0056769,0.0289393,401,mixed
1399,0.0060406,0.0290156,1370,mixed
1400,0.0040412,0.04144,2471,NC
1401,0.002746,0.0505966,633,mixed
1402,0.0029391,0.0459183,2064,NC
1403,0.0034025,0.038945,69,NC
1404,0.0044294,0.0367495,461,NC
1405,0.0056533,0.0237693,1878,mixed
1406,0.0042269,0.01692,2514,mixed
1407,0.0042853,0.0495354,2117,mixed
1408,0.0062053,0.0584771,1881,mixed
1409,0.004329,0.0478003,1552,rough
1410,0.0035339,0.0661033,1931,NC
1411,0.0048657,0.0557226,627,NC
1412,0.0045147,0.0372893,2231,mixed
1413,0.0041327,0.0379112,775,mixed
1414,0.0056447,0.0716201,1606,mixed
1415,0.0061245,0.0578591,2043,mixed
1416,0.0049488,0.0456452,280,rough
1417,0.0049579,0.0665575,1714,rough
1418,0.0051568,0.0697081,790,NC
1419,0.0047227,0.0525845,1765,mixed
1420,0.0049121,0.0551668,2450,mixed
1421,0.0051266,0.0606607,2073,mixed
1422,0.0047979,0.0415373,2498,mixed
1423,0.005761,0.0289465,46,NC
1424,0.0095169,0.0371633,116,rough
1425,0.0075059,0.0493939,408,rough
1426,0.0057611,0.0439615,631,NC
1427,0.0081417,0.0457233,188,mixed
1428,0.0068823,0.0368546,1152,mixed
1429,0.0036176,0.0231526,1750,mixed
1430,0.0068707,0.0273468,2204,NC
1431,0.0085239,0.0229493,2023,NC
1432,0.0053401,0.0337893,1309,NC
1433,0.0055893,0.0232612,668,rough
1434,0.0113972,0.0269918,2508,NC
1435,0.01027,0.0316754,1636,mixed
1436,0.0052549,0.0352519,363,mixed
1437,0.0047982,0.0372657,1720,mixed
1438,0.0046482,0.0553704,656,mixed
1439,0.0039286,0.0647784,292,NC
1440,0.0062159,0.0286522,387,NC
1441,0.0098172,0.0332091,1974,rough
1442,0.00841,0.0439117,1377,NC
1443,0.0045832,0.0358701,136,mixed
1444,0.0061126,0.0506638,2057,mixed
1445,0.0045631,0.0437258,1211,NC
1446,0.003972,0.0495262,104,mixed
1447,0.0035657,0.0826035,1556,mixed
1448,0.0026587,0.0608279,744,NC
1449,0.0032724,0.0418787,392,mixed
1450,0.0036098,0.0851955,2333,mixed
1451,0.0030317,0.0745232,1518,mixed
1452,0.0014018,0.0847207,1289,NC
1453,0.0029475,0.0367265,1092,mixed
1454,0.0058493,0.074959,2279,mixed
1455,0.0069376,0.0825006,894,mixed
1456,0.0042481,0.0778159,2361,mixed
1457,0.002877,0.0860742,740,NC
1458,0.0028802,0.0444281,2516,NC
1459,0.0043348,0.0423119,607,mixed
1460,0.006814,0.0782067,2363,mixed
1461,0.0080001,0.107673,1927,mixed
1462,0.0059374,0.0910496,2443,mixed
1463,0.0034885,0.0609852,635,mixed
1464,0.0033286,0.0316204,1810,mixed
1465,0.0058068,0.0371731,1652,mixed
1466,0.0047921,0.061559,329,mixed
1467,0.0035642,0.0890119,966,mixed
1468,0.001915,0.0652305,2379,mixed
1469,0.0023811,0.0560256,367,mixed
1470,0.003926,0.0310455,1529,mixed
1471,0.0053506,0.0314249,1415,
1472,0.0033845,0.0296265,837,
1473,0.0028525,0.0272139,256,
1474,0.0027262,0.0278997,2087,
1475,0.005329,0.0234178,34,
1476,0.0040379,0.0205654,751,
1477,0.0047599,0.0314049,1410,
1478,0.0046698,0.0268798,1505,
1479,0.0033151,0.0252525,2294,
1480,0.0035391,0.0189163,225,NC
1481,0.0022542,0.0110642,755,NC
1482,0.0015618,0.0130507,2120,
1483,0.0025531,0.0141441,1326,
1484,0.0037093,0.0210593,1869,
1485,0.0049923,0.0229891,2168,
1486,0.0022697,0.0198281,17,water
1487,0.001856,0.0163166,1225,water
1488,0.0021735,0.0108989,1799,NC
1489,0.0033844,0.0176726,2456,NC
1490,0.0047895,0.0256827,2100,
1491,0.0056825,0.0221268,340,
1492,0.0029515,0.0257828,1099,NC
1493,0.0029768,0.0263037,918,water
1494,0.0053544,0.0186671,370,water
1495,0.0073533,0.0256481,1324,water
1496,0.0074431,0.0367962,1452,NC
1497,0.0068013,0.0345192,2179,
1498,0.003914,0.027433,106,mixed
1499,0.0049703,0.0357213,2025,NC
1500,0.0059412,0.0249878,1296,NC
1501,0.0072913,0.0270968,440,NC
1502,0.0076469,0.0465743,1704,NC
1503,0.0082026,0.0615914,574,
1504,0.005768,0.0483629,496,
1505,0.005864,0.0556306,2009,NC
1506,0.0063819,0.0697824,431,NC
1507,0.0091125,0.0458137,479,NC
1508,0.0097285,0.0293262,1176,NC
1509,0.0084087,0.0271956,1602,NC
1510,0.0051796,0.0349879,163,NC
1511,0.003695,0.0595598,1431,mixed
1512,0.0115501,0.0660498,2017,NC
1513,0.0146381,0.0442575,696,NC
1514,0.0186061,0.0309416,1678,NC
1515,0.0104033,0.0566897,2399,NC
1516,0.0073787,0.0966475,2275,mixed
1517,0.0265919,0.0402094,2271,rough
1518,0.013891,0.0644358,1116,rough
1519,0.0099785,0.1117517,15,rough
1520,0.0134148,0.0536822,1422,rough
1521,0.0128355,0.0925897,1480,rough
1522,0.0089951,0.0704859,1653,rough
1523,0.0029275,0.0572379,1094,mixed
1524,0.004486,0.0856341,1655,mixed
1525,0.0064069,0.0841242,854,NC
1526,0.0071593,0.0443954,1936,NC
1527,0.0060523,0.0397288,145,NC
1528,0.0048586,0.0305491,67,rough
1529,0.0037546,0.018141,1575,NC
1530,0.0053412,0.1097928,1280,mixed
1531,0.0102172,0.0988923,303,NC
1532,0.0095331,0.072232,53,
1533,0.0066708,0.041119,1159,NC
1534,0.0061262,0.0271735,178,NC
1535,0.0078695,0.0179491,40,NC
1536,0.0066816,0.0169018,1084,rough
1537,0.0091447,0.1292089,482,NC
1538,0.0120588,0.1001278,210,NC
1539,0.0098302,0.0640879,1926,
1540,0.0086662,0.0385414,1061,
1541,0.0082912,0.0268366,2482,NC
1542,0.007522,0.0272271,2408,water
1543,0.0066669,0.0286121,526,NC
1544,0.0140599,0.1053255,1740,rough
1545,0.0115328,0.0805364,2154,NC
1546,0.0116683,0.061852,449,
1547,0.0134031,0.0466263,1464,
1548,0.0094837,0.0456097,2211,
1549,0.0063994,0.0543851,1774,NC
1550,0.0069103,0.0613599,1841,water
1551,0.0102913,0.0663508,2373,rough
1552,0.0119355,0.05523,944,rough
1553,0.0129637,0.0524693,1924,rough
1554,0.013784,0.048313,1724,NC
1555,0.0088888,0.0599223,2205,NC
1556,0.0056662,0.0622557,1863,NC
1557,0.0077638,0.0781509,72,NC
1558,0.0099476,0.0396767,1525,rough
1559,0.0102024,0.0435875,2122,rough
1560,0.0095649,0.049673,64,rough
1561,0.0071112,0.0565042,2472,rough
1562,0.0032148,0.0370058,447,rough
1563,0.0065424,0.0509215,1732,NC
1564,0.00493,0.0226589,719,mixed
1565,0.0033596,0.03119,2313,mixed
1566,0.0034271,0.0377775,452,mixed
1567,0.0073965,0.0434978,1628,mixed
1568,0.0046028,0.049131,1416,mixed
1569,0.0038536,0.0298776,1694,mixed
1570,0.0040336,0.0163817,936,NC
1571,0.0034061,0.0207281,612,mixed
1572,0.0066482,0.0290552,485,mixed
1573,0.0106859,0.0369659,2030,mixed
1574,0.006646,0.0304507,824,mixed
1575,0.0037049,0.0286967,2083,mixed
1576,0.00352,0.0236203,1857,NC
1577,0.0018874,0.0259348,1945,NC
1578,0.0035422,0.0420264,618,NC
1579,0.0062604,0.0498277,1105,mixed
1580,0.005956,0.0400292,688,mixed
1581,0.0042829,0.041154,1669,mixed
1582,0.0033897,0.0494465,885,water
1583,0.0013691,0.0371047,2031,water
1584,0.0017631,0.0426295,463,NC
1585,0.0035871,0.059194,752,
1586,0.0038657,0.0479697,102,NC
1587,0.0047481,0.0465036,1260,NC
1588,0.0032137,0.0713712,2525,water
1589,0.0026704,0.0575425,55,water
1590,0.0044409,0.0649873,819,water
1591,0.0050012,0.0651916,1551,NC
1592,0.0030285,0.0373892,466,NC
1593,0.0047226,0.027776,494,
1594,0.0031036,0.0577057,1946,
1595,0.0033924,0.0669626,934,
1596,0.0071546,0.1080953,645,NC
1597,0.0047104,0.0642027,165,NC
1598,0.0029844,0.0259421,1731,water
1599,0.0039279,0.0270058,1825,water
1600,0.0039323,0.0207568,1103,mixed
1601,0.0071084,0.0518697,1850,NC
1602,0.0045381,0.0434956,2183,
1603,0.0045263,0.0281969,1229,
1604,0.0051922,0.0485422,1284,
1605,0.0088745,0.1043407,1339,
1606,0.0031093,0.0279265,669,mixed
1607,0.0055752,0.0426358,615,NC
1608,0.0041293,0.0461799,161,
1609,0.0027091,0.0296762,779,
1610,0.0030772,0.0450551,2051,
1611,0.0058974,0.1018751,1958,
1612,0.0039843,0.0456088,80,mixed
1613,0.0047095,0.0486322,1185,NC
1614,0.0039108,0.0419821,1360,
1615,0.0031932,0.0236562,264,
1616,0.0036356,0.0356028,689,
1617,0.0041743,0.056363,1659,
1618,0.0059662,0.0545294,568,
1619,0.0050809,0.0652304,1902,
1620,0.0030794,0.0501064,1234,
1621,0.0038622,0.0257849,1567,
1622,0.0060871,0.028008,1671,
1623,0.0056411,0.0370874,413,
1624,0.0064205,0.04206,506,
1625,0.0046962,0.0537962,1317,
1626,0.0022647,0.0671018,1642,
1627,0.0030346,0.0461261,11,
1628,0.0061646,0.0319632,846,
1629,0.0046028,0.0267676,301,
1630,0.0039229,0.044081,2461,water
1631,0.0024768,0.0402554,481,NC
1632,0.0021736,0.0561947,728,
1633,0.0032135,0.0589805,1607,
1634,0.0062528,0.0471811,1579,
1635,0.0054148,0.0262576,1058,
1636,0.0055294,0.0878249,2193,
1637,0.0035777,0.0509975,1834,
1638,0.0055813,0.039377,1824,
1639,0.0062452,0.0418898,2520,
1640,0.0048643,0.0992046,1662,
1641,0.0023333,0.0375819,1428,
1642,0.003757,0.0285043,1088,
1643,0.0041625,0.0271581,1969,
1644,0.0051097,0.051557,60,
1645,0.0040302,0.0216845,2451,
1646,0.0056468,0.0179974,1413,
1647,0.0050757,0.0166707,915,
1648,0.0041671,0.0244947,776,
1649,0.0049212,0.0316829,616,
1650,0.0069954,0.0261656,1499,
1651,0.0082345,0.0277129,793,
1652,0.0060149,0.0194723,1838,
1653,0.0044783,0.0195748,1161,
1654,0.0031742,0.0361636,721,
1655,0.0074413,0.046649,975,
1656,0.0080532,0.0458299,1102,
1657,0.0058859,0.0313666,1012,
1658,0.0058346,0.0246913,1331,
1659,0.0050429,0.0349865,87,
1660,0.0022117,0.0504331,2304,
1661,0.004565,0.0845238,1845,
1662,0.0057287,0.0526231,2261,
1663,0.0058462,0.0352292,220,
1664,0.0053537,0.0338474,282,
1665,0.0057126,0.0287751,1937,
1666,0.0043269,0.0302148,1711,
1667,0.0088107,0.0534407,2075,NC
1668,0.0074513,0.0691912,981,NC
1669,0.0052092,0.0747241,777,rough
1670,0.0036718,0.0522934,212,rough
1671,0.0053433,0.0372134,497,rough
1672,0.010006,0.0785991,270,
1673,0.0091997,0.0761203,569,
1674,0.005089,0.0526462,1577,
1675,0.0044178,0.0368966,2460,
1676,0.0107413,0.0353669,1864,
1677,0.0043842,0.0308663,257,
1678,0.0026026,0.0298052,2523,
1679,0.0050124,0.0380778,2308,NC
1680,0.0022552,0.0421673,856,
1681,0.0030501,0.0775471,35,NC
1682,0.0037863,0.0865313,1492,rough
1683,0.0038359,0.031849,2037,
1684,0.0037938,0.0398204,2496,
1685,0.0059782,0.0635084,233,
1686,0.0047969,0.0442448,538,
1687,0.0029854,0.0347685,1170,NC
1688,0.002816,0.0658382,1163,NC
1689,0.003882,0.0279135,1379,
1690,0.0029709,0.0238871,2161,
1691,0.0071918,0.0315048,1302,NC
1692,0.0070988,0.0366165,153,rough
1693,0.0033373,0.0597343,1787,rough
1694,0.0031804,0.1046552,828,rough
1695,0.0029761,0.0319754,1007,
1696,0.0019229,0.0387362,2116,
1697,0.0038727,0.0412393,977,rough
1698,0.0054182,0.0462034,2328,rough
1699,0.0034375,0.070481,1381,rough
1700,0.0056325,0.0968341,141,rough
1701,0.0025307,0.0321692,735,
1702,0.0035433,0.0452087,1064,
1703,0.0022044,0.053313,2234,NC
1704,0.0023721,0.0496487,2061,NC
1705,0.0029155,0.0555072,290,
1706,0.0077523,0.0648129,2147,NC
1707,0.0022732,0.0459389,1344,
1708,0.0045368,0.0420959,898,
1709,0.0056439,0.0513843,28,
1710,0.0036967,0.0364572,742,
1711,0.0027845,0.0438723,1438,
1712,0.0063928,0.046807,1817,NC
1713,0.0041789,0.0596674,147,rough
1714,0.0050461,0.0314102,1411,NC
1715,0.0070247,0.0301066,803,
1716,0.0054321,0.0442312,625,
1717,0.0021956,0.0618637,170,
1718,0.0029527,0.0547283,580,
1719,0.0068111,0.0365949,54,rough
1720,0.0053787,0.0357125,1807,
1721,0.0038759,0.0637799,1964,
1722,0.0025036,0.0914673,835,
1723,0.0030411,0.0889131,2351,
1724,0.0032305,0.0889851,878,NC
1725,0.0027411,0.0688247,261,NC
1726,0.0021601,0.0393874,1053,NC
1727,0.0035907,0.0414328,1760,NC
1728,0.0051248,0.0412277,2483,
1729,0.0039055,0.0334833,2248,
1730,0.0042647,0.1334217,863,NC
1731,0.003366,0.0975069,1522,
1732,0.0021575,0.0414343,1816,
1733,0.0027692,0.0260871,113,NC
1734,0.0032427,0.0269833,2397,NC
1735,0.0021737,0.0308791,1306,NC
1736,0.0067394,0.0984928,1271,rough
1737,0.0052162,0.0708484,1398,NC
1738,0.0040139,0.0356039,1041,
1739,0.0039659,0.0260728,2403,
1740,0.0039251,0.0247171,1582,NC
1741,0.0025765,0.0237062,1328,NC
1742,0.0093222,0.0549477,1811,rough
1743,0.0097237,0.0506889,1588,rough
1744,0.0100255,0.0293603,2410,NC
1745,0.0065535,0.0208741,1062,
1746,0.0041258,0.0193914,1530,
1747,0.0029873,0.0201447,1791,NC
1748,0.0074712,0.0359336,77,rough
1749,0.0081001,0.0384711,924,NC
1750,0.0118784,0.0341215,2197,NC
1751,0.0078014,0.0212722,1140,
1752,0.0053332,0.0227276,2255,
1753,0.0047723,0.0261551,1515,
1754,0.0035022,0.0308195,117,NC
1755,0.0052731,0.0375886,1454,
1756,0.0080591,0.042354,399,
1757,0.0070436,0.0346125,200,
1758,0.0070564,0.0317026,1181,
1759,0.0066819,0.0333902,74,
1760,0.0051005,0.0628809,218,
1761,0.0057776,0.046805,2445,
1762,0.0064765,0.0432244,1536,
1763,0.0057932,0.0553504,1066,
1764,0.0067541,0.0526953,1242,
1765,0.0078576,0.0457697,908,
1766,0.0015285,0.0517563,1156,
1767,0.0031319,0.0918375,2387,
1768,0.003475,0.0583887,947,
1769,0.0052227,0.0305317,2110,
1770,0.0021895,0.0262002,1145,
1771,0.0047093,0.0197842,33,
1772,0.0020832,0.037097,1797,
1773,0.0035444,0.068125,1341,
1774,0.0036033,0.0795762,1226,
1775,0.0044866,0.0635576,1643,
1776,0.0040425,0.0624678,1489,
1777,0.0065227,0.0381234,2310,
1778,0.001901,0.0221738,288,NC
1779,0.0024434,0.0472063,1279,
1780,0.0032465,0.08821,2344,
1781,0.0033803,0.1160681,528,
1782,0.0033026,0.1089628,883,
1783,0.0060705,0.0584806,1114,
1784,0.0025704,0.0163492,1108,NC
1785,0.0022067,0.0268179,433,NC
1786,0.002662,0.059668,101,
1787,0.0027937,0.0828338,410,
1788,0.0030834,0.0860018,1940,
1789,0.0042616,0.0522658,1755,
1790,0.0037824,0.027599,1993,
1791,0.0031609,0.0385146,342,NC
1792,0.0040481,0.0402478,371,NC
1793,0.0038252,0.0390785,448,
1794,0.002526,0.0554453,659,
1795,0.0031997,0.033027,441,
1796,0.0043102,0.0505835,1243,
1797,0.0040329,0.0636871,892,
1798,0.0051521,0.0383944,1111,water
1799,0.0042402,0.0266039,1594,NC
1800,0.0026899,0.0387208,1072,
1801,0.0041382,0.0252949,1778,
1802,0.0063355,0.063107,2129,
1803,0.0056099,0.0593792,364,
1804,0.0053559,0.0268754,572,NC
1805,0.0046812,0.0245997,1673,water
1806,0.002962,0.0358809,2181,NC
1807,0.003415,0.0268757,1919,
1808,0.0075888,0.0214014,713,
1809,0.0068828,0.04352,221,
1810,0.0101466,0.0274857,1962,
1811,0.0063022,0.0256727,1252,
1812,0.0084274,0.0374208,2250,
1813,0.0055774,0.0263673,182,
1814,0.0043105,0.0218238,1581,
1815,0.006587,0.0441008,1590,
1816,0.0049983,0.035785,334,NC
1817,0.0032521,0.0348639,1182,NC
1818,0.0056502,0.0374715,1190,
1819,0.0054801,0.0502859,1905,NC
1820,0.0028651,0.0481305,1888,rough
1821,0.0041362,0.0306521,1256,
1822,0.0059128,0.0451139,127,NC
1823,0.0058874,0.0453914,152,rough
1824,0.0043269,0.0308021,32,rough
1825,0.0023455,0.0215167,519,NC
1826,0.0031003,0.0367127,1871,
1827,0.0035121,0.0261203,2230,
1828,0.0040581,0.0271394,1833,NC
1829,0.0047664,0.0309182,2113,NC
1830,0.0034145,0.0262499,847,rough
1831,0.0017135,0.0273224,2142,NC
1832,0.002727,0.0361658,520,
1833,0.0027666,0.0716264,581,
1834,0.0028914,0.0639997,2495,
1835,0.0040905,0.0869587,1354,
1836,0.0038039,0.0842411,902,
1837,0.0046451,0.0386878,1509,
1838,0.0059362,0.0524716,390,
1839,0.0033627,0.0409769,2112,
1840,0.0063261,0.015722,1657,
1841,0.0094813,0.0278778,2434,
1842,0.0060906,0.0160848,648,
1843,0.0082709,0.0482698,2092,NC
1844,0.0076422,0.0331753,1017,
1845,0.0103911,0.0354113,474,NC
1846,0.0036798,0.0698342,175,
1847,0.0045695,0.0420845,1808,
1848,0.0066463,0.032013,909,
1849,0.0049159,0.0682401,2170,
1850,0.0041757,0.0637566,224,
1851,0.0061165,0.055066,1412,
1852,0.0036043,0.0441505,2336,
1853,0.0063123,0.0416177,462,
1854,0.0061423,0.0274667,1977,
1855,0.0036608,0.0608957,2323,
1856,0.0012862,0.0576,1733,
1857,0.0038028,0.0613712,951,NC
1858,0.0042298,0.0247856,2019,
1859,0.0058531,0.0503453,1713,
1860,0.0037761,0.0506574,119,
1861,0.002223,0.0630929,650,
1862,0.0023256,0.0775345,1278,
1863,0.0030904,0.0733689,1771,NC
1864,0.0058069,0.0191948,471,
1865,0.0041029,0.0447957,139,
1866,0.0022932,0.0611933,694,
1867,0.002115,0.0673498,639,
1868,0.0034699,0.0747218,1401,
1869,0.0029223,0.0667201,1911,
1870,0.0070927,0.0143715,215,
1871,0.0040787,0.024699,870,
1872,0.002332,0.0410339,1403,
1873,0.0025124,0.0409306,585,
1874,0.0040476,0.0403414,1761,
1875,0.0037465,0.0368882,831,
1876,0.0047546,0.0210552,412,
1877,0.004167,0.0217952,783,
1878,0.0030508,0.0281848,2324,
1879,0.0038815,0.0281043,2421,
1880,0.0048835,0.0233105,103,
1881,0.0039998,0.0185371,2329,
1882,0.006692,0.05803,2018,
1883,0.0063585,0.0444432,52,
1884,0.0044933,0.0270793,813,
1885,0.0042843,0.0356451,1749,NC
1886,0.0036915,0.0391661,125,water
1887,0.0024952,0.0313504,319,NC
1888,0.0055484,0.0455243,94,NC
1889,0.0054794,0.038235,571,
1890,0.0040779,0.0302373,1586,
1891,0.0040857,0.0373606,521,
1892,0.0045592,0.0417369,1205,NC
1893,0.0028058,0.0354812,425,NC
1894,0.0038096,0.0403087,473,NC
1895,0.005149,0.0281846,2001,
1896,0.0081439,0.0204733,2145,
1897,0.0078505,0.0243189,983,
1898,0.0060613,0.0317563,1800,
1899,0.0037385,0.0275232,1206,NC
1900,0.0026124,0.0390117,2265,
1901,0.0056418,0.0224938,68,
1902,0.0085481,0.025581,754,
1903,0.006277,0.0214338,1314,
1904,0.0052943,0.0184103,1227,
1905,0.0032758,0.0146147,1348,NC
1906,0.0028003,0.0230227,1753,
1907,0.0039091,0.0190648,26,
1908,0.0037507,0.0299492,2392,
1909,0.0025596,0.0308368,22,
1910,0.0028649,0.0227952,1244,
1911,0.0023317,0.0152398,2246,
1912,0.0029631,0.019585,88,
1913,0.0025735,0.0185777,2080,
1914,0.0029018,0.0234983,1801,
1915,0.0022178,0.0268628,2152,
1916,0.0017357,0.033042,2256,
1917,0.0024654,0.0264341,1593,
1918,0.0022046,0.0258519,1683,
1919,0.0021541,0.0301277,291,
1920,0.0022539,0.0288421,2398,
1921,0.0019829,0.0177304,1832,NC
1922,0.0019952,0.0172883,1493,
1923,0.0033515,0.0370872,2342,
1924,0.0013795,0.027462,20,
1925,0.0012753,0.0252197,354,
1926,0.0029903,0.0197442,326,
1927,0.0027277,0.0113907,131,
1928,0.002281,0.0083204,5,
1929,0.0031769,0.0377346,760,
1930,0.0014404,0.0213109,343,NC
1931,0.001073,0.0123517,653,
1932,0.0037716,0.0172894,986,
1933,0.0041805,0.0123599,1015,
1934,0.0041926,0.0066542,254,
1935,0.001379,0.012825,219,water
1936,0.0012003,0.013185,1441,
1937,0.0024247,0.0204168,1437,
1938,0.0061433,0.0163598,969,
1939,0.0055313,0.0144394,1805,
1940,0.0022321,0.0106931,1876,water
1941,0.0024891,0.0102865,416,NC
1942,0.0035426,0.015057,2016,
1943,0.006648,0.0225245,662,
1944,0.0057065,0.0361523,540,
1945,0.0073816,0.0781407,1115,
1946,0.0037308,0.0146247,1032,NC
1947,0.0037623,0.0117639,1264,NC
1948,0.0032002,0.015913,1770,
1949,0.0069084,0.028567,994,
1950,0.0092156,0.04478,223,
1951,0.0047333,0.035155,547,NC
1952,0.0050032,0.0369873,1587,
1953,0.0024255,0.034399,621,
1954,0.0027412,0.0187638,1230,
1955,0.0044372,0.0235645,1048,
1956,0.0035606,0.0354193,765,
1957,0.0049526,0.0447589,2457,
1958,0.0025797,0.0408247,960,
1959,0.0026049,0.0239637,1286,
1960,0.0041316,0.036752,89,
1961,0.0042757,0.0592603,118,
1962,0.0050589,0.0430144,186,
1963,0.0047416,0.0414579,2289,
1964,0.005437,0.0297468,626,
1965,0.0055983,0.03645,1651,
1966,0.0043031,0.054221,800,
1967,0.003701,0.0408584,1674,
1968,0.0039559,0.0281282,1210,
1969,0.0043728,0.0242083,2171,
1970,0.0025557,0.0457704,422,
1971,0.0028671,0.0399325,1085,
1972,0.0032978,0.0243855,2201,
1973,0.0033052,0.0231844,617,
1974,0.0015906,0.0519348,2476,
1975,0.0048284,0.0265539,1578,
1976,0.0030773,0.0259964,1557,
1977,0.0021274,0.04849,1112,
1978,0.0034921,0.0577111,1705,
1979,0.0035035,0.0438371,467,
1980,0.0031202,0.0301071,1914,
1981,0.0024127,0.0361344,213,
1982,0.00182,0.0452889,460,
1983,0.0026032,0.0371466,1798,
1984,0.00451,0.0757774,96,
1985,0.0041337,0.0545851,360,
1986,0.0029715,0.0369557,2262,
1987,0.0030052,0.0454342,1371,
1988,0.0029557,0.0480785,707,
1989,0.0014892,0.0408792,394,
1990,0.0042948,0.0593366,247,
1991,0.0046755,0.0435628,110,NC
1992,0.0035019,0.0257819,62,NC
1993,0.0038379,0.0283355,681,NC
1994,0.004555,0.0351812,1451,
1995,0.0024247,0.036525,184,
1996,0.0030282,0.0505867,636,
1997,0.0054355,0.042532,907,mixed
1998,0.0049457,0.0316854,2012,mixed
1999,0.0047539,0.0249722,2474,mixed
2000,0.0048973,0.0269011,262,NC
2001,0.0036316,0.0310896,1051,
2002,0.0025621,0.051481,426,
2003,0.0039357,0.043954,2109,mixed
2004,0.0036496,0.0329972,976,mixed
2005,0.0039364,0.0372386,1426,mixed
2006,0.0041726,0.0409235,1445,mixed
2007,0.0033221,0.0336783,767,NC
2008,0.0042178,0.0464624,1081,
2009,0.0041444,0.0389652,2412,NC
2010,0.0042972,0.0567564,226,mixed
2011,0.00345,0.0587652,1014,mixed
2012,0.0035723,0.0720557,839,mixed
2013,0.0037648,0.0492734,1806,NC
2014,0.0033705,0.021099,1086,
2015,0.0023186,0.0147881,729,
2016,0.0020387,0.0179219,1196,
2017,0.0073078,0.0256619,2026,
2018,0.0108453,0.0367051,829,
2019,0.0017181,0.0286453,2309,
2020,0.0009866,0.0164191,7,
2021,0.0030461,0.0186382,2406,
2022,0.0063731,0.0213744,2370,
2023,0.0076142,0.0240314,2069,
2024,0.002657,0.0329001,2393,
2025,0.0036717,0.024985,97,
2026,0.0054084,0.0224179,1307,
2027,0.0058406,0.0219329,1598,
2028,0.0056525,0.021694,495,
2029,0.0048323,0.0236512,2021,
2030,0.0069561,0.0184908,415,
2031,0.0076799,0.0218289,1566,
2032,0.0060602,0.0199142,2223,
2033,0.0048076,0.0242146,1861,
2034,0.0041466,0.0218724,1691,
2035,0.0053758,0.0185768,1129,
2036,0.005815,0.0222657,1374,
2037,0.003962,0.0206058,273,
2038,0.0038162,0.0245299,2242,
2039,0.0040714,0.0248658,1922,
2040,0.0033422,0.0241851,1474,
2041,0.0028286,0.0298589,2501,
2042,0.0020663,0.0240697,1147,
2043,0.0030828,0.0179623,935,
2044,0.0031274,0.0195222,299,
2045,0.0033377,0.0209516,1231,
2046,0.0042598,0.0328626,1407,
2047,0.0049513,0.022117,396,
2048,0.0037557,0.0363891,2174,
2049,0.0052832,0.0344902,1172,
2050,0.0039809,0.0306853,1421,
2051,0.0026639,0.0605076,134,
2052,0.0034069,0.0445883,761,
2053,0.0019227,0.0515495,2241,
2054,0.0028324,0.0474136,1269,
2055,0.0027822,0.0394171,2517,
2056,0.0051263,0.0439814,1664,
2057,0.0031815,0.0422095,532,
2058,0.0043379,0.0410132,1660,
2059,0.0052401,0.0415434,1224,
2060,0.0046174,0.0571958,284,NC
2061,0.0049933,0.0823534,794,mixed
2062,0.0033547,0.0753769,679,mixed
2063,0.002948,0.0806827,1446,mixed
2064,0.0038381,0.0744164,1494,mixed
2065,0.0064245,0.0326314,2138,
2066,0.0053989,0.0417145,2247,NC
2067,0.0051725,0.0638046,194,mixed
2068,0.0044534,0.0735643,2077,mixed
2069,0.0051514,0.0717893,1656,mixed
2070,0.0060656,0.0692226,2072,mixed
2071,0.0071292,0.0309585,1082,
2072,0.0094502,0.0272435,317,NC
2073,0.0072261,0.045209,1443,mixed
2074,0.0056889,0.0844729,1576,mixed
2075,0.0062339,0.066112,584,mixed
2076,0.0059418,0.0429468,1762,mixed
2077,0.0062057,0.0432283,2007,
2078,0.0114643,0.0300447,1119,NC
2079,0.0091299,0.0469824,1476,NC
2080,0.0069143,0.1153316,107,NC
2081,0.0039603,0.0676254,1423,NC
2082,0.0032689,0.0311464,1912,NC
2083,0.0053069,0.0420949,545,
2084,0.0086744,0.0378969,1715,
2085,0.0098105,0.0623112,1293,
2086,0.0082425,0.1055386,1989,
2087,0.005189,0.053194,749,
2088,0.0054608,0.0104272,27,
2089,0.0035251,0.0463895,608,
2090,0.0042195,0.0553538,468,
2091,0.0057074,0.0735185,313,
2092,0.0059407,0.0755008,1782,
2093,0.00601,0.040439,2374,
2094,0.0053103,0.01251,12,
2095,0.0038532,0.0239322,1192,
2096,0.002958,0.022801,1739,
2097,0.0022882,0.0285486,514,
2098,0.0030428,0.0196849,2048,
2099,0.0027339,0.0150737,9,
2100,0.0036754,0.0347844,1343,
2101,0.0025738,0.0225663,1400,
2102,0.003115,0.0167388,112,
2103,0.0040792,0.0133775,1382,
2104,0.0041804,0.0259263,2027,
2105,0.0034457,0.0362378,1756,
2106,0.002205,0.024833,389,
2107,0.00293,0.0135539,2364,
2108,0.00348,0.0126834,2128,
2109,0.0030168,0.0288395,818,
2110,0.0023854,0.0291579,2332,
2111,0.0015875,0.0249162,1266,
2112,0.0024199,0.0199362,244,
2113,0.0028951,0.0133959,2060,
2114,0.0027037,0.0242047,1951,
2115,0.0037412,0.0257597,128,
2116,0.0011089,0.0228479,1486,
2117,0.0022917,0.0330082,1167,
2118,0.0029539,0.0220225,92,
2119,0.001427,0.0362946,1676,
2120,0.0036179,0.0274785,2277,
2121,0.0020672,0.0245765,654,
2122,0.0023077,0.0278014,2119,
2123,0.0037992,0.02539,859,
2124,0.0059743,0.0438852,1087,
2125,0.0026238,0.0308915,857,
2126,0.002829,0.0388138,39,
2127,0.0018793,0.0255837,1067,
2128,0.0015994,0.0298333,1232,
2129,0.0025017,0.025777,971,
2130,0.0011217,0.0207151,309,
2131,0.005901,0.0248449,50,
2132,0.0024685,0.0314913,2068,
2133,0.0080989,0.0349509,1987,NC
2134,0.0045138,0.0556118,1006,
2135,0.0062008,0.0435371,2090,rough
2136,0.0043637,0.0695195,1144,
2137,0.0024772,0.0592815,1640,
2138,0.0028989,0.0899511,589,
2139,0.0037306,0.1041735,1338,
2140,0.0036864,0.0882117,498,
2141,0.0038542,0.0496743,1943,
2142,0.0029347,0.021481,2411,
2143,0.0016809,0.0692056,1818,
2144,0.0028392,0.1198457,1718,
2145,0.0058914,0.1322249,459,
2146,0.0051982,0.1063207,1483,
2147,0.0040584,0.0627525,1595,
2148,0.0029504,0.0286471,4,
2149,0.0015192,0.0424525,2306,
2150,0.0027379,0.1001968,316,
2151,0.0074351,0.1110417,1970,
2152,0.0082044,0.0928621,1675,
2153,0.0050861,0.0620016,2134,
2154,0.0035414,0.0318106,1491,
2155,0.002294,0.0402076,2208,
2156,0.00385,0.0592899,1201,
2157,0.0060961,0.0659245,63,
2158,0.0082377,0.0589334,2028,
2159,0.0049491,0.0298933,2213,
2160,0.0034522,0.0219045,1245,
2161,0.0024155,0.0613513,1534,
2162,0.0031501,0.0514965,1918,
2163,0.0040804,0.0467327,126,
2164,0.0063671,0.0402472,784,
2165,0.0073931,0.0194876,1282,
2166,0.0055763,0.0178904,1743,
2167,0.0041505,0.0743444,1935,
2168,0.0036604,0.0536611,1599,
2169,0.0030182,0.0380637,2315,
2170,0.0055414,0.0326048,1961,
2171,0.0083498,0.0252484,2381,
2172,0.0057312,0.0247232,806,
2173,0.0026704,0.0265747,279,
2174,0.0031117,0.0262194,1011,
2175,0.0033657,0.0186501,1054,
2176,0.0045084,0.0230232,785,
2177,0.0088739,0.0708301,1776,
2178,0.0026065,0.0199548,550,
2179,0.0033918,0.0289779,2530,
2180,0.0043171,0.0287963,910,
2181,0.0043376,0.0356686,816,
2182,0.0080317,0.0953309,400,
2183,0.0027791,0.0134125,685,
2184,0.002717,0.0264883,1171,
2185,0.0030367,0.0320312,1390,
2186,0.0045813,0.0318963,70,
2187,0.0065328,0.0886598,275,
2188,0.0021196,0.0137314,2103,
2189,0.0024293,0.0199727,385,
2190,0.0006174,0.0325235,1842,
2191,0.0028358,0.0175527,1503,
2192,0.0058109,0.0841826,716,
2193,0.0032638,0.0179059,1531,
2194,0.0030781,0.0182459,1504,
2195,0.0019805,0.0240148,477,
2196,0.0039767,0.0219505,1097,
2197,0.006757,0.0805943,1312,
2198,0.0032923,0.0279116,979,
2199,0.0021661,0.0275042,1123,
2200,0.0017746,0.0240496,658,
2201,0.0041212,0.0233754,1716,
2202,0.0087342,0.0607723,1137,
2203,0.0034158,0.0407931,2173,NC
2204,0.0025138,0.0643794,1469,
2205,0.0037864,0.0278576,2047,
2206,0.0025724,0.0295381,2438,NC
2207,0.0039496,0.0090695,269,
2208,0.0037078,0.0092348,409,smooth
2209,0.0035538,0.0263918,2448,NC
2210,0.0039367,0.0188953,1823,smooth
2211,0.0022275,0.0559965,2505,rough
2212,0.0030034,0.0392748,1028,smooth
2213,0.0042014,0.0567782,2295,NC
2214,0.0063301,0.051457,2409,smooth
2215,0.0047108,0.0708643,1466,
2216,0.004139,0.05297,1148,NC
2217,0.0030532,0.0328419,2251,
2218,0.0032752,0.0264377,1299,NC
2219,0.0035832,0.027541,1107,NC
2220,0.0023103,0.0325324,2284,NC
2221,0.0030663,0.0432755,1783,smooth
2222,0.003162,0.0485222,1991,smooth
2223,0.0038756,0.0514514,807,smooth
2224,0.0025807,0.0462736,1982,smooth
2225,0.0029515,0.0430326,1055,smooth
2226,0.0013335,0.0289368,1113,smooth
2227,0.0030769,0.0239033,1703,smooth
2228,0.0034753,0.0514624,643,smooth
2229,0.0045604,0.0777899,1350,smooth
2230,0.0025315,0.0715154,786,smooth
2231,0.0025029,0.0421864,1721,smooth
2232,0.0031114,0.0255991,1212,smooth
2233,0.0042482,0.0293198,263,smooth
2234,0.004414,0.04862,427,smooth
2235,0.0046932,0.0656205,2260,smooth
2236,0.0034915,0.0562293,238,smooth
2237,0.0037145,0.0278284,1521,smooth
2238,0.0041285,0.0156682,265,smooth
2239,0.0071466,0.0373995,2123,smooth
2240,0.0053607,0.035809,2188,smooth
2241,0.004105,0.0339558,285,smooth
2242,0.0052053,0.0323318,1913,smooth
2243,0.0042468,0.0287362,2084,smooth
2244,0.0031151,0.0143669,840,smooth
2245,0.0101924,0.0365947,197,smooth
2246,0.0070086,0.0319443,2005,smooth
2247,0.0027472,0.0288317,311,smooth
2248,0.0017169,0.0330739,73,smooth
2249,0.0020447,0.0475781,1512,smooth
2250,0.002885,0.0257522,1550,smooth
2251,0.0013515,0.0458608,1677,NC
2252,0.0010309,0.0457132,1535,smooth
2253,0.0011942,0.0304384,1933,NC
2254,0.0029405,0.0299003,2252,
2255,0.0068895,0.0599611,725,
2256,0.0005657,0.0523576,748,smooth
2257,0.0011744,0.0477229,1668,smooth
2258,0.0019637,0.0247755,143,NC
2259,0.0019526,0.0202612,603,
2260,0.0038536,0.0472234,1429,
2261,0.0017451,0.0361766,773,smooth
2262,0.0016145,0.0323885,2299,smooth
2263,0.001664,0.0172847,1043,NC
2264,0.0012468,0.0173724,2218,
2265,0.0018466,0.0328447,2325,
2266,0.0027087,0.0186314,1786,smooth
2267,0.0027955,0.0179327,1384,smooth
2268,0.0029061,0.014853,183,NC
2269,0.0022215,0.0213852,293,
2270,0.0020323,0.0368692,2312,
2271,0.0023952,0.0111294,1019,smooth
2272,0.0025888,0.0126355,1378,smooth
2273,0.0027699,0.0152543,1538,NC
2274,0.0024215,0.0214787,2467,
2275,0.0030673,0.0440683,1979,
2276,0.003286,0.0121325,1238,smooth
2277,0.0035975,0.0073035,204,smooth
2278,0.0023124,0.0093654,167,
2279,0.0017274,0.0155563,802,
2280,0.0021219,0.0320784,2366,
2281,0.0058511,0.0846721,1263,rough
2282,0.0068274,0.0582194,1986,NC
2283,0.0077197,0.0489278,1687,smooth
2284,0.0027772,0.1045356,1763,rough
2285,0.0018268,0.0674404,1259,NC
2286,0.0026976,0.0427009,595,smooth
2287,0.0019126,0.0907851,1612,NC
2288,0.0022843,0.0477889,1030,NC
2289,0.0034688,0.0421259,2386,smooth
2290,0.004303,0.0743506,1333,NC
2291,0.0029005,0.0633728,1569,NC
2292,0.0043973,0.0232872,2015,NC
2293,0.0064113,0.0414826,1775,smooth
2294,0.0073256,0.045753,304,NC
2295,0.003511,0.0369583,2240,NC
2296,0.0027752,0.0217398,1889,NC
2297,0.0049396,0.0303843,646,smooth
2298,0.0050944,0.0475652,906,NC
2299,0.0034769,0.037499,665,rough
2300,0.0040768,0.0292813,865,NC
2301,0.00448,0.0231735,1037,smooth
2302,0.0039797,0.0613413,2353,NC
2303,0.0015991,0.0631051,1533,rough
2304,0.0014432,0.0454958,1045,rough
2305,0.0026269,0.0348384,274,NC
2306,0.0035594,0.028465,2288,smooth
2307,0.0075463,0.0374366,605,smooth
2308,0.0063826,0.0304451,189,smooth
2309,0.0044917,0.0254401,2091,smooth
2310,0.0052114,0.027339,2150,smooth
2311,0.0036206,0.0366815,384,smooth
2312,0.0032564,0.023865,2504,smooth
2313,0.0035878,0.0388299,536,smooth
2314,0.0041662,0.0301064,2101,smooth
2315,0.0048118,0.0184765,2268,smooth
2316,0.0053188,0.0160457,890,smooth
2317,0.0036713,0.0235822,1537,smooth
2318,0.0028046,0.0197364,1641,smooth
2319,0.0032066,0.036211,1684,smooth
2320,0.0038575,0.0286313,2192,smooth
2321,0.0046372,0.0196225,1707,smooth
2322,0.0038857,0.019967,1389,smooth
2323,0.0023935,0.0237977,1644,smooth
2324,0.00195,0.0253356,2470,smooth
2325,0.0040418,0.0291039,201,smooth
2326,0.0037338,0.0278192,715,smooth
2327,0.0061365,0.0362187,2440,smooth
2328,0.0052778,0.0212233,2081,smooth
2329,0.0023588,0.0161589,1618,smooth
2330,0.0014125,0.0234801,2338,smooth
2331,0.0040339,0.026043,2196,smooth
2332,0.0025432,0.023439,904,smooth
2333,0.0026924,0.0374511,1241,smooth
2334,0.0038341,0.0170759,1402,smooth
2335,0.0021467,0.019821,198,smooth
2336,0.001885,0.0265003,469,smooth
2337,0.0044602,0.0206847,1287,smooth
2338,0.0047954,0.0133479,912,smooth
2339,0.0051776,0.0139855,655,smooth
2340,0.0037858,0.021052,1478,smooth
2341,0.002556,0.0359881,1544,smooth
2342,0.0031179,0.0423155,2512,smooth
2343,0.0048719,0.0192977,620,smooth
2344,0.0062127,0.0076117,172,smooth
2345,0.0057678,0.0087384,1060,smooth
2346,0.0033978,0.0244593,338,smooth
2347,0.0032289,0.0381003,1465,smooth
2348,0.0039762,0.0405846,867,smooth
2349,0.0048059,0.0171355,1120,smooth
2350,0.007399,0.01028,558,smooth
2351,0.0061834,0.0103031,176,
2352,0.0040776,0.016273,374,
2353,0.004642,0.0256125,1630,smooth
2354,0.0055109,0.0287383,1257,NC
2355,0.0039536,0.0257616,504,
2356,0.0033753,0.0262131,1173,
2357,0.0024558,0.0338883,1188,smooth
2358,0.0020017,0.0342851,1149,smooth
2359,0.0017975,0.0279799,1000,NC
2360,0.002641,0.0237488,2303,
2361,0.0010796,0.0341111,2367,smooth
2362,0.0015531,0.0226846,1769,smooth
2363,0.0026209,0.0167757,1789,smooth
2364,0.0038856,0.0169734,2432,
2365,0.0020766,0.0308886,684,smooth
2366,0.0017505,0.0153669,1548,smooth
2367,0.0022169,0.0110149,1020,smooth
2368,0.003609,0.0178721,1195,NC
2369,0.0024272,0.0271461,577,smooth
2370,0.0017488,0.0117358,1042,smooth
2371,0.0017182,0.0084157,1759,smooth
2372,0.0021026,0.0208626,1337,NC
2373,0.002566,0.031035,634,smooth
2374,0.0023632,0.0226236,1273,smooth
2375,0.0015011,0.0087233,1096,NC
2376,0.0020455,0.0202551,1520,
2377,0.0044621,0.0601951,240,NC
2378,0.0024867,0.0445877,1080,rough
2379,0.0016033,0.0215045,1959,rough
2380,0.0029907,0.0347163,1788,NC
2381,0.0038543,0.0287465,1589,smooth
2382,0.0040692,0.0526674,1932,
2383,0.002541,0.0262501,676,rough
2384,0.0034,0.0123111,1925,NC
2385,0.0049766,0.0279028,513,NC
2386,0.0059389,0.018451,1546,smooth
2387,0.0036342,0.0414205,992,
2388,0.0034044,0.0203707,875,NC
2389,0.0050042,0.0218193,2503,rough
2390,0.0059353,0.0271344,958,NC
2391,0.0067104,0.0192441,1073,smooth
2392,0.0028678,0.0230097,1297,
2393,0.0037055,0.0113542,1368,NC
2394,0.0070311,0.0181117,1158,NC
2395,0.0075684,0.0248741,2158,NC
2396,0.0061878,0.0202675,723,smooth
2397,0.0024933,0.0267094,873,
2398,0.001478,0.0131775,199,
2399,0.0029093,0.0164246,695,NC
2400,0.0052575,0.0298944,588,NC
2401,0.0049441,0.0231749,2380,NC
2402,0.0044528,0.0127318,1746,smooth
2403,0.0019432,0.0357227,120,
2404,0.0012702,0.0170898,439,
2405,0.0019458,0.017869,1305,rough
2406,0.0045273,0.0383174,478,NC
2407,0.0049712,0.0176093,1385,NC
2408,0.0032873,0.0119909,2385,smooth
2409,0.0046759,0.0182392,943,smooth
2410,0.0047418,0.0082268,1695,smooth
2411,0.0033585,0.0104291,339,smooth
2412,0.0023658,0.0231678,704,smooth
2413,0.0029276,0.025725,2239,smooth
2414,0.0037476,0.0258749,1728,smooth
2415,0.0043881,0.0089077,738,smooth
2416,0.002715,0.0053988,1972,smooth
2417,0.0011002,0.0115232,1826,smooth
2418,0.0020693,0.0173003,2013,smooth
2419,0.002171,0.0136728,2135,smooth
2420,0.0022332,0.0160266,314,smooth
2421,0.0049345,0.0119402,391,smooth
2422,0.0032546,0.0069956,957,smooth
2423,0.0021942,0.0155412,2049,smooth
2424,0.0016796,0.0150233,845,smooth
2425,0.0027861,0.0128949,842,smooth
2426,0.0024724,0.0135047,1617,smooth
2427,0.0054532,0.0170629,2036,smooth
2428,0.0052823,0.0131756,963,smooth
2429,0.0038117,0.0154306,1908,smooth
2430,0.0019443,0.0167004,1128,smooth
2431,0.0041085,0.0180118,484,smooth
2432,0.0049246,0.0127845,657,smooth
2433,0.0040459,0.0096586,1506,smooth
2434,0.0033769,0.0111932,16,smooth
2435,0.0023356,0.0221436,1122,smooth
2436,0.0021035,0.0298143,2419,smooth
2437,0.0038766,0.0225308,1025,smooth
2438,0.0044724,0.014764,1303,smooth
2439,0.0025983,0.0145353,2011,smooth
2440,0.001719,0.0082538,85,smooth
2441,0.0014779,0.0299844,2229,smooth
2442,0.0022921,0.0392955,2172,smooth
2443,0.0028464,0.0240333,2165,smooth
2444,0.0026597,0.0197394,920,smooth
2445,0.0034952,0.0287055,130,smooth
2446,0.0024003,0.0229331,1027,smooth
2447,0.0018465,0.0147247,1077,smooth
2448,0.0030988,0.020727,336,
2449,0.0020408,0.0177659,1461,smooth
2450,0.0012429,0.0164781,1376,smooth
2451,0.0015769,0.0206419,1405,smooth
2452,0.0030071,0.0371828,395,
2453,0.0039401,0.0160493,517,smooth
2454,0.0030672,0.0169205,1625,smooth
2455,0.0018425,0.024098,1585,smooth
2456,0.0023272,0.0526858,1166,
2457,0.0049584,0.017188,2285,smooth
2458,0.0038989,0.020183,673,smooth
2459,0.002791,0.0165386,1502,smooth
2460,0.0037951,0.0180128,453,smooth
2461,0.0033557,0.0162858,306,smooth
2462,0.0036181,0.0133126,1779,smooth
2463,0.0034373,0.0184519,1325,smooth
2464,0.0029538,0.0141934,1620,smooth
2465,0.0037141,0.0348555,1608,smooth
2466,0.0028724,0.0496775,1359,
2467,0.0019458,0.0412519,2453,
2468,0.0027286,0.0231941,344,NC
2469,0.0059673,0.0359106,810,NC
2470,0.0067035,0.021359,1237,NC
2471,0.0027335,0.0201838,476,smooth
2472,0.0038099,0.0504645,1124,
2473,0.0036994,0.0619512,556,
2474,0.004041,0.0536995,2437,rough
2475,0.0041684,0.0382509,962,NC
2476,0.0041861,0.0300195,151,NC
2477,0.0027803,0.0267145,1672,smooth
2478,0.0049709,0.0550567,1346,
2479,0.0041685,0.0634171,1994,
2480,0.0039509,0.0506336,323,rough
2481,0.0047198,0.0300055,1852,NC
2482,0.0036397,0.0259851,2266,NC
2483,0.0026295,0.023225,2415,smooth
2484,0.0077944,0.121083,836,
2485,0.0056738,0.0624805,1527,
2486,0.0056882,0.0403879,1335,NC
2487,0.0062316,0.0445684,714,NC
2488,0.0051345,0.0330093,1562,smooth
2489,0.0037854,0.0294999,768,smooth
2490,0.0020803,0.0233817,2180,smooth
2491,0.0029805,0.0133558,1645,smooth
2492,0.0019671,0.0243126,66,smooth
2493,0.0031667,0.0310949,1634,smooth
2494,0.0028562,0.0199987,1091,smooth
2495,0.0026279,0.0452838,1347,smooth
2496,0.0033602,0.0194775,1136,smooth
2497,0.0041965,0.0236318,1860,smooth
2498,0.0029421,0.0183068,166,smooth
2499,0.0040155,0.0188272,2114,smooth
2500,0.0024608,0.0186024,2436,smooth
2501,0.0025969,0.0456209,502,smooth
2502,0.0038695,0.0184074,1848,smooth
2503,0.0047926,0.0231823,1177,smooth
2504,0.0044835,0.0184782,1948,smooth
2505,0.0041023,0.0265089,1700,smooth
2506,0.0022601,0.0334142,268,smooth
2507,0.002301,0.0256203,928,smooth
2508,0.0042104,0.0217253,1240,smooth
2509,0.0052897,0.0184493,2089,smooth
2510,0.0049132,0.0159649,272,smooth
2511,0.0033206,0.0419128,1984,smooth
2512,0.0022558,0.0457285,743,smooth
2513,0.0028423,0.0349172,307,smooth
2514,0.0076312,0.0482932,509,smooth
2515,0.0055663,0.0306439,2276,smooth
2516,0.0029167,0.0466934,555,smooth
2517,0.0033662,0.0419534,791,smooth
2518,0.0038558,0.0283697,984,smooth
2519,0.0031894,0.0333053,739,smooth
2520,0.0026799,0.0245537,174,smooth
2521,0.0035967,0.0495796,1971,smooth
2522,0.0017601,0.0318768,692,smooth
2523,0.0022751,0.0271929,2216,smooth
2524,0.0035971,0.048432,1909,smooth
2525,0.0014731,0.0159798,1614,smooth
2526,0.0015819,0.0166245,1481,smooth
2527,0.0028485,0.0338637,1265,smooth
2528,0.0025295,0.0265398,2106,smooth
2529,0.0019034,0.0201067,214,smooth
2530,0.0022498,0.0245233,2078,smooth
2531,0.0028107,0.019851,1408,smooth
2532,0.0023272,0.0228564,2199,smooth
2533,0.0021406,0.0269104,1639,smooth
