date,S1_pixel_ID,vh_raw,vv_raw,class_assignment
0218,1,0.0068174,0.033838,smooth
0218,6,0.0062663,0.0239199,mixed
0218,9,0.0065834,0.1118713,NC
0218,11,0.0341845,0.1102207,smooth
0218,13,0.0171615,0.1044753,mixed
0218,14,0.0109064,0.0455638,mixed
0218,15,0.0851509,0.4594373,rough
0218,20,0.0778705,0.130939,NC
0218,21,0.0081371,0.0214547,mixed
0218,22,0.0052218,0.0129194,mixed
0218,26,0.0208945,0.2440731,NC
0218,27,0.0044787,0.0204857,smooth
0218,29,0.0052402,0.0709839,mixed
0218,30,0.0201783,0.1106777,NC
0218,32,0.0070083,0.0559755,mixed
0218,36,0.0056679,0.07392,mixed
0218,40,0.0032709,0.083776,NC
0218,43,0.010295,0.0501865,mixed
0218,44,0.0165297,0.1127611,mixed
0218,45,0.0406749,0.1703717,NC
0218,48,0.1298473,0.3056678,rough
0218,49,0.0345389,0.1027715,rough
0218,50,0.0081388,0.0718777,smooth
0218,51,0.0103501,0.0719607,mixed
0218,53,0.0068802,0.0472811,mixed
0218,60,0.0046476,0.0389535,mixed
0218,61,0.0201917,0.3101683,NC
0218,64,0.0699457,0.1346468,NC
0218,65,0.012748,0.0730806,mixed
0218,68,0.0381231,0.1368652,NC
0218,70,0.0087323,0.0518671,NC
0218,75,0.005561,0.025466,mixed
0218,76,0.0064461,0.0345564,NC
0218,87,0.0080362,0.0482687,mixed
0218,88,0.2054664,0.3622265,rough
0218,90,0.1581334,0.2587465,rough
0218,96,0.0644831,0.3707876,rough
0218,99,0.0100013,0.0440173,mixed
0218,100,0.0429212,0.1809208,rough
0218,107,0.008,0.0883437,NC
0218,114,0.0084763,0.0256509,smooth
0218,118,0.004228,0.0286146,mixed
0218,120,0.0041766,0.0210188,mixed
0218,122,0.0221366,0.1183276,rough
0218,126,0.0239485,0.1744993,NC
0218,131,0.0032019,0.0254131,mixed
0218,132,0.0079013,0.0474665,NC
0218,133,0.0237973,0.2368692,rough
0218,134,0.0619737,0.1760613,NC
0218,136,0.0030704,0.0473049,mixed
0218,144,0.0060636,0.0399801,mixed
0218,145,0.0104849,0.0336499,NC
0218,147,0.2476241,0.6489789,rough
0218,149,0.0171877,0.2023444,NC
0218,150,0.0091691,0.0444186,mixed
0218,157,0.0439443,0.1750267,NC
0218,160,0.0065697,0.0438616,mixed
0218,161,0.0068251,0.0707951,NC
0218,163,0.006247,0.0307734,mixed
0218,164,0.2298866,0.4509214,rough
0218,166,0.04375,0.244656,NC
0218,170,0.0068603,0.0265183,NC
0218,174,0.0175046,0.1821026,mixed
0218,180,0.0019384,0.0286335,mixed
0218,182,0.0057018,0.1069727,NC
0218,184,0.002984,0.0225859,mixed
0218,186,0.0613054,0.2097701,NC
0218,192,0.0262357,0.1563478,rough
0218,193,0.0054709,0.0230084,mixed
0218,195,0.00573,0.0959432,mixed
0218,198,0.0107052,0.0245863,smooth
0218,203,0.0051194,0.0732624,mixed
0218,204,0.003926,0.1155077,mixed
0218,206,0.0169083,0.085384,NC
0218,209,0.0949,0.3002291,smooth
0218,210,0.0121811,0.1430591,NC
0218,214,0.0110993,0.0762917,NC
0218,220,0.0518061,0.1505323,NC
0218,222,0.0034958,0.0508419,NC
0218,223,0.0458123,0.0507909,mixed
0218,224,0.003628,0.0330032,mixed
0218,227,0.0301767,0.1923968,rough
0218,228,0.0216941,0.1255415,NC
0218,230,0.1765573,0.4604478,rough
0218,236,0.0058488,0.0385505,mixed
0218,237,0.0176115,0.1083391,mixed
0218,241,0.0068257,0.0465264,mixed
0218,242,0.026224,0.2505946,NC
0218,246,0.025785,0.0825553,smooth
0218,251,0.0057252,0.0245381,mixed
0218,258,0.0050444,0.0267115,mixed
0218,263,0.0039134,0.0354117,NC
0218,264,0.0061849,0.0276703,mixed
0218,265,0.051227,0.070884,rough
0218,266,0.001596,0.0143101,mixed
0218,271,0.00921,0.0353589,smooth
0218,272,0.0087497,0.0191259,smooth
0218,276,0.0104816,0.0586894,smooth
0218,277,0.0449126,0.0972891,NC
0218,278,0.0250792,0.0922733,NC
0218,280,0.0023793,0.0427732,mixed
0218,281,0.0071385,0.0745362,smooth
0218,287,0.0076255,0.0547073,NC
0218,288,0.0058988,0.0644982,mixed
0218,293,0.1443941,0.1737734,NC
0218,295,0.0067411,0.1128269,mixed
0218,298,0.0400328,0.1312769,smooth
0218,299,0.0695381,0.2124965,NC
0218,300,0.0121364,0.100414,mixed
0218,302,0.0214578,0.0792836,NC
0218,305,0.0052252,0.132099,mixed
0218,309,0.1093939,0.189917,rough
0218,310,0.0065505,0.1040686,mixed
0218,315,0.0111217,0.1423245,NC
0218,317,0.0050383,0.0368611,mixed
0218,318,0.0083531,0.0668997,NC
0218,321,0.0233431,0.1464762,NC
0218,322,0.0019831,0.0418342,NC
0218,324,0.0106746,0.0755233,mixed
0218,331,0.0924112,0.2309659,rough
0218,332,0.0067049,0.0451022,mixed
0218,334,0.0433779,0.0870127,NC
0218,337,0.0028006,0.0611118,mixed
0218,339,0.0070809,0.0639625,mixed
0218,343,0.0389562,0.5682117,rough
0218,345,0.0143105,0.078486,mixed
0218,346,0.0071514,0.087456,mixed
0218,347,0.0160849,0.1236575,NC
0218,350,0.04689,0.2117497,NC
0218,351,0.0449569,0.2170771,rough
0218,353,0.0053394,0.0895242,NC
0218,356,0.0041528,0.0233671,NC
0218,358,0.0030888,0.0589222,mixed
0218,360,0.0369409,0.1905879,NC
0218,363,0.0181115,0.0373621,NC
0218,364,0.0333163,0.1370711,NC
0218,365,0.0024131,0.0609066,mixed
0218,367,0.0396486,0.034353,mixed
0218,368,0.0130897,0.1261479,NC
0218,369,0.0213125,0.0487404,mixed
0218,371,0.0056063,0.0650207,NC
0218,373,0.0337379,0.0483651,mixed
0218,376,0.0046223,0.0541494,mixed
0218,384,0.0039834,0.0475223,mixed
0218,390,0.1306912,0.2803954,NC
0218,391,0.0112714,0.0699106,NC
0218,394,0.0048854,0.0554105,mixed
0218,395,0.0136863,0.0870325,NC
0218,396,0.1891693,0.2980625,rough
0218,397,0.0606535,0.100122,NC
0218,398,0.0248695,0.0634817,mixed
0218,399,0.0096708,0.0621092,mixed
0218,401,0.0251154,0.1604799,NC
0218,402,0.0053449,0.0279318,mixed
0218,404,0.0059838,0.0883742,mixed
0218,407,0.0088853,0.0424426,mixed
0218,411,0.0041826,0.0704931,mixed
0218,416,0.0268518,0.1226125,NC
0218,418,0.0032067,0.0486438,mixed
0218,420,0.0282403,0.2158616,rough
0218,422,0.006692,0.0374935,NC
0218,423,0.009784,0.0375169,NC
0218,424,0.0678865,0.1819944,NC
0218,428,0.006724,0.0782606,mixed
0218,432,0.0118973,0.0455357,water
0218,438,0.1186778,0.19481,rough
0218,444,0.0060981,0.102095,mixed
0218,450,0.0038781,0.0241329,mixed
0218,452,0.0742439,0.2046096,rough
0218,454,0.0205668,0.0707494,NC
0218,455,0.0020544,0.0277946,mixed
0218,462,0.0076446,0.0405112,NC
0218,463,0.0135902,0.0571191,water
0218,465,0.0431285,0.0525561,mixed
0218,466,0.0266832,0.0803879,smooth
0218,468,0.0085622,0.0451921,NC
0218,469,0.0272783,0.1225683,NC
0218,475,0.0088648,0.0330358,mixed
0218,477,0.0073103,0.0674271,mixed
0218,478,0.0498453,0.2303889,NC
0218,481,0.0989274,0.2124317,NC
0218,484,0.0198848,0.081782,water
0218,485,0.0440611,0.2109538,NC
0218,486,0.0221961,0.1539277,NC
0218,489,0.0045015,0.0480324,mixed
0218,490,0.0063322,0.0435919,mixed
0218,494,0.0084778,0.0286024,rough
0218,496,0.0435478,0.2200903,rough
0218,498,0.0136333,0.0572476,NC
0218,499,0.0324343,0.062296,water
0218,504,0.0376177,0.4793826,NC
0218,505,0.0105079,0.0518535,smooth
0218,506,0.0175655,0.0383333,mixed
0218,508,0.0054234,0.0323811,mixed
0218,509,0.0239204,0.1426271,NC
0218,511,0.0050713,0.0157252,mixed
0218,512,0.004133,0.0276189,mixed
0218,514,0.0340513,0.2086132,NC
0218,517,0.0060858,0.096296,mixed
0218,523,0.018834,0.1153186,mixed
0218,525,0.0101021,0.0823347,mixed
0218,526,0.0091555,0.0490221,NC
0218,528,0.0072374,0.0333895,smooth
0218,529,0.0033206,0.0776516,mixed
0218,534,0.0576537,0.2249124,smooth
0218,536,0.0038881,0.0333772,mixed
0218,537,0.0150032,0.0707711,water
0218,538,0.0136627,0.1446884,mixed
0218,541,0.0735568,0.308607,NC
0218,544,0.0329809,0.1536777,NC
0218,549,0.0061467,0.0231871,mixed
0218,550,0.0041719,0.056432,mixed
0218,551,0.0111319,0.1287232,mixed
0218,556,0.01856,0.3125732,NC
0218,559,0.0234158,0.0578624,mixed
0218,560,0.0263628,0.2008225,NC
0218,562,0.0299444,0.0750578,NC
0218,563,0.0031516,0.0295593,mixed
0218,564,0.0288449,0.1568792,smooth
0218,565,0.002387,0.0309112,mixed
0218,566,0.0060657,0.0239758,NC
0218,568,0.0187653,0.0699316,mixed
0218,569,0.1089865,0.4752325,NC
0218,570,0.0102605,0.0996146,water
0218,571,0.0031975,0.0182512,mixed
0218,576,0.0042385,0.1067626,mixed
0218,581,0.0239347,0.0683674,smooth
0218,585,0.0199456,0.0461711,mixed
0218,586,0.0363965,0.2080739,NC
0218,587,0.0227125,0.1621458,NC
0218,588,0.0037308,0.0577626,NC
0218,591,0.0106954,0.0790068,NC
0218,592,0.0134983,0.0514897,mixed
0218,597,0.0083805,0.045302,smooth
0218,600,0.0110095,0.0980014,mixed
0218,605,0.0147396,0.1007036,NC
0218,610,0.0070158,0.0831779,mixed
0218,612,0.0356853,0.2847018,rough
0218,613,0.0041471,0.0591554,mixed
0218,614,0.0019665,0.04546,NC
0218,616,0.0085452,0.1854881,mixed
0218,618,0.0101054,0.0742364,water
0218,619,0.0107009,0.046938,NC
0218,623,0.0113025,0.0400802,mixed
0218,632,0.0033109,0.0239644,mixed
0218,636,0.0132929,0.1166211,NC
0218,639,0.0646231,0.2290188,NC
0218,641,0.0156579,0.1091074,mixed
0218,642,0.0172028,0.058963,mixed
0218,651,0.0028669,0.0474636,mixed
0218,654,0.0162164,0.1385409,NC
0218,660,0.0036058,0.0352727,NC
0218,661,0.0048381,0.0596799,mixed
0218,662,0.0048584,0.0236648,mixed
0218,664,0.0087493,0.0455386,smooth
0218,668,0.0052192,0.0140814,mixed
0218,670,0.0412244,0.0865979,NC
0218,675,0.0955842,0.2348755,NC
0218,676,0.0049568,0.0366395,mixed
0218,679,0.0133214,0.1982604,rough
0218,681,0.0060731,0.051037,mixed
0218,685,0.0054966,0.0344315,mixed
0218,689,0.0078508,0.0532474,smooth
0218,690,0.0134151,0.1766542,NC
0218,691,0.0054123,0.1120786,mixed
0218,692,0.1059119,0.6107872,rough
0218,693,0.0033964,0.0406391,smooth
0218,694,0.0060084,0.2245571,NC
0218,696,0.0113191,0.0149715,rough
0218,697,0.0334241,0.1839208,rough
0218,700,0.0114439,0.0402749,smooth
0218,701,0.0051988,0.0261473,mixed
0218,709,0.0141808,0.0547776,NC
0218,712,0.006575,0.1031648,mixed
0218,713,0.017082,0.066526,mixed
0218,721,0.0217929,0.269439,rough
0218,723,0.0077387,0.0310972,NC
0218,724,0.073752,0.2979745,rough
0218,725,0.0338614,0.2726896,NC
0218,729,0.0087369,0.0467999,smooth
0218,730,0.0099558,0.0394124,mixed
0218,731,0.0135501,0.0808497,mixed
0218,733,0.0060992,0.0401056,mixed
0218,735,0.0099197,0.0724909,smooth
0218,745,0.0063371,0.0376018,NC
0218,747,0.0057686,0.0842611,mixed
0218,749,0.0080716,0.0594776,mixed
0218,752,0.0443063,0.2373907,NC
0218,757,0.3362941,0.3270873,rough
0218,758,0.0409796,0.1409152,smooth
0218,759,0.0205851,0.0872109,NC
0218,763,0.0151291,0.025745,NC
0218,770,0.0615713,0.211436,rough
0218,771,0.0163971,0.0934397,NC
0218,772,0.0254855,0.190211,NC
0218,773,0.0049314,0.033376,NC
0218,777,0.0021234,0.037319,mixed
0218,778,0.0152775,0.1625144,NC
0218,780,0.0225634,0.1378041,NC
0218,783,0.0133305,0.0605323,NC
0218,786,0.0082433,0.0540955,mixed
0218,793,0.0091114,0.0323911,smooth
0218,794,0.0302345,0.1464568,rough
0218,798,0.0204793,0.1422894,NC
0218,802,0.0067576,0.0235688,NC
0218,804,0.0060843,0.0736775,mixed
0218,805,0.0050091,0.0290573,mixed
0218,807,0.0537402,0.2287046,rough
0218,809,0.0024552,0.051819,mixed
0218,813,0.0301962,0.2221037,NC
0218,814,0.0050792,0.0610983,mixed
0218,816,0.0052709,0.0550104,mixed
0218,817,0.0042104,0.0423642,mixed
0218,818,0.0072227,0.0492664,NC
0218,819,0.0288036,0.1228764,NC
0218,821,0.0453249,0.1456669,NC
0218,822,0.0084907,0.0539807,mixed
0218,823,0.0223266,0.1594346,mixed
0218,832,0.0109976,0.0758458,smooth
0218,833,0.0042235,0.0474288,mixed
0218,838,0.0034098,0.0471198,mixed
0218,839,0.0022677,0.0316634,mixed
0218,841,0.0048897,0.0489155,mixed
0218,843,0.0065317,0.0183941,mixed
0218,848,0.0027787,0.028767,mixed
0218,852,0.0015793,0.0069226,mixed
0218,854,0.0073774,0.0662421,mixed
0218,856,0.0414448,0.2216357,NC
0218,859,0.0038649,0.0650341,mixed
0218,862,0.0056535,0.1113308,mixed
0218,865,0.0235061,0.0677604,smooth
0218,866,0.0056537,0.0405445,smooth
0218,871,0.0095697,0.0208473,mixed
0218,873,0.0869586,0.2039263,rough
0218,880,0.0049359,0.0496393,mixed
0218,882,0.0065339,0.0279435,mixed
0218,883,0.0161822,0.1515445,NC
0218,887,0.0028955,0.0252606,mixed
0218,888,0.0216094,0.2132398,NC
0218,895,0.0305675,0.083814,NC
0218,897,0.0446641,0.1745581,NC
0218,899,0.0032247,0.0224951,mixed
0218,901,0.0029284,0.0329671,mixed
0218,905,0.0090004,0.0390348,NC
0218,911,0.0387725,0.3228992,rough
0218,912,0.0145431,0.1141096,NC
0218,913,0.0044007,0.0415682,mixed
0218,916,0.0252327,0.0607258,mixed
0218,918,0.0079912,0.0300126,smooth
0218,919,0.0065272,0.0164014,NC
0218,920,0.041364,0.1740152,NC
0218,921,0.0108161,0.1480708,mixed
0218,922,0.003444,0.0501732,mixed
0218,923,0.0020805,0.0393819,mixed
0218,928,0.0291164,0.0971202,mixed
0218,932,0.0044671,0.0857954,mixed
0218,935,0.1047344,0.2681316,NC
0218,936,0.0069928,0.0681514,mixed
0218,938,0.0166259,0.1263382,water
0218,943,0.017399,0.0861563,mixed
0218,948,0.0053072,0.0766695,mixed
0218,949,0.0042191,0.0268828,mixed
0218,950,0.0053365,0.0629651,mixed
0218,953,0.0049745,0.0518519,smooth
0218,954,0.0390404,0.1669229,rough
0218,955,0.0167562,0.1235515,smooth
0218,961,0.0137931,0.0781566,water
0218,962,0.0522094,0.1833829,NC
0218,963,0.0009127,0.0102606,mixed
0218,964,0.0157652,0.0480168,NC
0218,966,0.0066148,0.0431645,smooth
0218,968,0.0050481,0.0158825,water
0218,972,0.0041997,0.0325808,mixed
0218,975,0.0111575,0.0618243,mixed
0218,977,0.0334697,0.263442,rough
0218,978,0.0172581,0.1019898,smooth
0218,981,0.0081442,0.0423772,smooth
0218,982,0.0030249,0.0147658,mixed
0218,984,0.0087893,0.0950849,mixed
0218,996,0.0067638,0.0369667,mixed
0218,1000,0.0146027,0.1116104,water
0218,1001,0.0319416,0.1404102,NC
0218,1002,0.0053799,0.0389893,mixed
0218,1003,0.0227504,0.0751171,water
0218,1005,0.0292917,0.1039397,NC
0218,1008,0.3721001,0.3345479,rough
0218,1009,0.0040678,0.0450457,mixed
0218,1011,0.0076488,0.0348384,mixed
0218,1013,0.0149414,0.0596216,NC
0218,1015,0.0036448,0.0402183,mixed
0218,1017,0.0362126,0.3759302,rough
0218,1018,0.0205643,0.0757939,NC
0218,1022,0.0151205,0.2649294,NC
0218,1023,0.0240535,0.2121319,mixed
0218,1024,0.0074122,0.054355,NC
0218,1027,0.1348862,0.4141669,rough
0218,1029,0.021107,0.0428106,mixed
0218,1030,0.0049756,0.061453,mixed
0218,1031,0.0191932,0.0994253,NC
0218,1032,0.0088325,0.0849902,mixed
0218,1035,0.0042602,0.0294274,mixed
0218,1038,0.0387649,0.1805101,NC
0218,1039,0.0109224,0.0690722,mixed
0218,1044,0.0164887,0.1103168,mixed
0218,1048,0.0060353,0.0441456,water
0218,1049,0.0140943,0.1766878,NC
0218,1050,0.0077213,0.0427518,smooth
0218,1052,0.0241018,0.0514532,smooth
0218,1057,0.0064211,0.0470058,mixed
0218,1058,0.0064515,0.0697737,mixed
0218,1059,0.0347331,0.2263591,rough
0218,1070,0.0086825,0.0518369,NC
0218,1071,0.0114937,0.0306708,NC
0218,1079,0.0048426,0.0468199,mixed
0218,1080,0.0081225,0.1220723,NC
0218,1081,0.0814272,0.1673255,NC
0218,1090,0.298796,0.3692256,rough
0218,1094,0.0055107,0.0264325,mixed
0218,1095,0.0038876,0.0348535,mixed
0218,1097,0.0630856,0.3655447,rough
0218,1098,0.0312226,0.2269836,rough
0218,1100,0.0049517,0.0432359,mixed
0218,1103,0.0079446,0.0556356,mixed
0218,1104,0.0167568,0.128927,rough
0218,1106,0.0037647,0.0333367,mixed
0218,1109,0.0323157,0.1598162,NC
0218,1113,0.0235888,0.107721,mixed
0218,1115,0.0048219,0.016858,mixed
0218,1119,0.0027614,0.0500068,mixed
0218,1122,0.0239133,0.175368,rough
0218,1124,0.0086959,0.0787755,mixed
0218,1125,0.0111327,0.0485736,smooth
0218,1126,0.0522052,0.1125175,rough
0218,1129,0.0556236,0.185306,NC
0218,1132,0.0196761,0.0599768,mixed
0218,1134,0.0094278,0.0302985,NC
0218,1135,0.0015021,0.0490445,mixed
0218,1141,0.0082909,0.145333,mixed
0218,1145,0.0049896,0.024187,smooth
0218,1147,0.0078543,0.0888926,mixed
0218,1148,0.0043151,0.1289682,mixed
0218,1149,0.0788165,0.1257358,NC
0218,1153,0.011301,0.1728102,NC
0218,1154,0.0125385,0.1564957,NC
0218,1159,0.0034896,0.0339757,mixed
0218,1161,0.0009579,0.0114934,mixed
0218,1162,0.0263348,0.1307,smooth
0218,1167,0.0182033,0.1650572,NC
0218,1170,0.0047885,0.0615878,NC
0218,1171,0.004001,0.0602557,mixed
0218,1173,0.002348,0.016032,mixed
0218,1174,0.0095299,0.0828232,smooth
0218,1176,0.0032986,0.032606,mixed
0218,1177,0.2092394,0.4494537,rough
0218,1180,0.0041244,0.0130195,mixed
0218,1186,0.0660366,0.1123532,NC
0218,1189,0.0842627,0.1115015,NC
0218,1193,0.0112706,0.067914,NC
0218,1201,0.013442,0.0639749,mixed
0218,1205,0.093324,0.2592811,NC
0218,1206,0.0587656,0.158334,NC
0218,1211,0.0102696,0.061452,mixed
0218,1212,0.0078875,0.0912514,NC
0218,1218,0.0471275,0.1465594,NC
0218,1220,0.0074177,0.0642851,mixed
0218,1225,0.009608,0.0518468,smooth
0218,1227,0.003676,0.0469702,mixed
0218,1232,0.0745118,0.4861704,rough
0218,1233,0.0169094,0.0955506,smooth
0218,1234,0.1255639,0.2435263,NC
0218,1238,0.0184418,0.0451074,NC
0218,1243,0.0016121,0.034929,mixed
0218,1244,0.0066338,0.1033376,mixed
0218,1250,0.0162516,0.0311773,mixed
0218,1252,0.0104011,0.0519992,water
0218,1256,0.0035109,0.039984,mixed
0218,1265,0.0482299,0.2728779,NC
0218,1266,0.0101831,0.0612634,smooth
0218,1270,0.0395791,0.0911555,NC
0218,1273,0.0115123,0.1156382,mixed
0218,1274,0.07395,0.2206427,rough
0218,1275,0.00528,0.0159273,mixed
0218,1278,0.0111358,0.038681,smooth
0218,1279,0.0064916,0.0311876,NC
0218,1294,0.0040317,0.0490514,mixed
0218,1300,0.0200567,0.1043117,mixed
0218,1302,0.0579085,0.0773985,NC
0218,1303,0.0644812,0.3267876,rough
0218,1305,0.0943251,0.2237463,NC
0218,1306,0.0038817,0.0234841,mixed
0218,1307,0.0052151,0.0426056,NC
0218,1308,0.0084699,0.0888794,smooth
0218,1309,0.0565073,0.2114006,rough
0218,1313,0.0087325,0.0234042,mixed
0218,1314,0.0235401,0.1103723,smooth
0218,1315,0.1113331,0.2346362,NC
0218,1318,0.0229887,0.2317767,NC
0218,1319,0.004377,0.0714972,NC
0218,1320,0.0040369,0.0486166,mixed
0218,1323,0.0154494,0.1029601,smooth
0218,1326,0.0027418,0.019035,mixed
0218,1327,0.0071068,0.0229289,mixed
0218,1331,0.0040915,0.027858,mixed
0218,1333,0.005283,0.0825265,mixed
0218,1334,0.0155505,0.1014642,NC
0218,1337,0.0054382,0.0280962,mixed
0218,1339,0.1114728,0.2499023,rough
0218,1340,0.0030055,0.0549835,mixed
0218,1343,0.0687911,0.2142505,rough
0218,1344,0.0232798,0.0496905,mixed
0218,1347,0.0614023,0.338773,rough
0218,1348,0.024505,0.1473849,rough
0218,1351,0.0136509,0.0337345,mixed
0218,1356,0.0039682,0.0553188,mixed
0218,1359,0.0275273,0.1558447,NC
0218,1364,0.0036089,0.0337059,mixed
0218,1365,0.0074266,0.0205161,smooth
0218,1366,0.0073904,0.0477698,NC
0218,1367,0.0274261,0.191091,NC
0218,1368,0.0024683,0.0372816,mixed
0218,1372,0.0640887,0.1734833,rough
0218,1374,0.0318836,0.0814111,NC
0218,1378,0.0054352,0.0404614,NC
0218,1381,0.0137608,0.0694312,smooth
0218,1383,0.0293098,0.0586175,mixed
0218,1384,0.0371258,0.17723,NC
0218,1385,0.0399687,0.1898426,NC
0218,1387,0.0051408,0.0446434,mixed
0218,1388,0.0289302,0.2702514,rough
0218,1390,0.0245086,0.0987477,mixed
0218,1392,0.0821638,0.4616764,rough
0218,1397,0.0136189,0.0695072,mixed
0218,1398,0.0172734,0.0882509,NC
0218,1400,0.0174725,0.0751511,NC
0218,1401,0.0052613,0.0362849,rough
0218,1405,0.0710404,0.1937045,NC
0218,1406,0.0054805,0.0165808,mixed
0218,1409,0.0084149,0.072081,smooth
0218,1416,0.0208114,0.0663805,mixed
0218,1419,0.0052212,0.028264,mixed
0218,1421,0.024495,0.1940148,NC
0218,1424,0.0511944,0.1459623,NC
0218,1427,0.0076934,0.0503062,smooth
0218,1428,0.0156258,0.2158705,smooth
0218,1429,0.1226281,0.2755499,rough
0218,1432,0.0043246,0.0483724,mixed
0218,1436,0.0103617,0.0696442,smooth
0218,1437,0.0081185,0.0298078,mixed
0218,1440,0.0073336,0.0180777,mixed
0218,1442,0.011748,0.0655233,NC
0218,1443,0.0457707,0.0495625,mixed
0218,1448,0.0049914,0.0484059,mixed
0218,1449,0.0038615,0.0577265,mixed
0218,1450,0.0113769,0.0935737,mixed
0218,1456,0.0359133,0.2969208,rough
0218,1457,0.1177027,0.292259,rough
0218,1458,0.0128237,0.07456,smooth
0218,1461,0.021199,0.0392567,NC
0218,1462,0.0032095,0.052171,mixed
0218,1465,0.0125815,0.0696945,smooth
0218,1475,0.0134161,0.0667897,mixed
0218,1476,0.2529004,0.4645382,rough
0218,1477,0.0857542,0.2645956,NC
0218,1478,0.0098291,0.089192,NC
0218,1479,0.0057353,0.0603642,mixed
0218,1486,0.0077867,0.0469561,water
0218,1487,0.008509,0.0346494,smooth
0218,1489,0.0022573,0.0190767,mixed
0218,1496,0.0086237,0.1267481,smooth
0218,1497,0.0638616,0.1787663,NC
0218,1498,0.0280038,0.0648051,mixed
0218,1501,0.0240392,0.2940153,NC
0218,1502,0.0190052,0.0423037,NC
0218,1509,0.0368212,0.2377335,rough
0218,1510,0.0193224,0.1121236,smooth
0218,1511,0.0073296,0.0319274,NC
0218,1514,0.015485,0.1037766,mixed
0218,1519,0.0095335,0.0845569,mixed
0218,1521,0.0248608,0.048147,smooth
0218,1523,0.0302084,0.0807987,smooth
0218,1525,0.0036696,0.0271633,NC
0218,1527,0.007236,0.0640661,mixed
0218,1528,0.0150434,0.046849,smooth
0218,1529,0.0486145,0.0529589,NC
0218,1530,0.0222138,0.1455292,NC
0218,1531,0.0037649,0.0687648,mixed
0218,1532,0.0070895,0.0949778,smooth
0218,1536,0.0127884,0.0950149,mixed
0218,1540,0.0215067,0.1443626,smooth
0218,1544,0.00558,0.0653393,NC
0218,1546,0.0511431,0.1399991,NC
0218,1547,0.0453534,0.1351233,smooth
0218,1548,0.0283754,0.0876449,NC
0218,1551,0.0039392,0.0405727,mixed
0218,1552,0.0057036,0.0410458,NC
0218,1558,0.0113071,0.2233558,mixed
0218,1561,0.0520571,0.1042462,NC
0218,1563,0.0220878,0.1046736,mixed
0218,1564,0.0121593,0.0628424,water
0218,1566,0.0034909,0.0525479,mixed
0218,1569,0.0309788,0.1936432,NC
0218,1572,0.0293632,0.225296,smooth
0218,1577,0.0029847,0.0175361,mixed
0218,1580,0.0055149,0.0402463,mixed
0218,1582,0.0581002,0.1458908,rough
0218,1583,0.0529842,0.077267,NC
0218,1586,0.0044433,0.0639242,mixed
0218,1593,0.0139656,0.1198559,NC
0218,1596,0.041694,0.1025024,NC
0218,1597,0.0036945,0.0719514,mixed
0218,1598,0.0354159,0.215912,smooth
0218,1605,0.0055077,0.0587051,mixed
0218,1607,0.0267406,0.1642195,NC
0218,1608,0.0064319,0.032408,mixed
0218,1611,0.0053166,0.0584027,NC
0218,1613,0.0928575,0.1529384,rough
0218,1616,0.1774326,0.423184,rough
0218,1617,0.0045891,0.0756751,mixed
0218,1618,0.0223969,0.0798091,mixed
0218,1619,0.0048068,0.0306283,mixed
0218,1621,0.008851,0.0470738,NC
0218,1623,0.0105388,0.0926685,NC
0218,1633,0.0072471,0.0663464,mixed
0218,1635,0.0331215,0.0688315,NC
0218,1638,0.0201324,0.0978087,NC
0218,1640,0.0070435,0.0406955,smooth
0218,1644,0.0147223,0.1482994,mixed
0218,1645,0.0055593,0.0452283,NC
0218,1646,0.0219413,0.0525112,mixed
0218,1650,0.0188799,0.1501974,NC
0218,1651,0.007436,0.0593446,mixed
0218,1652,0.0165921,0.0486371,mixed
0218,1658,0.0057698,0.0633251,mixed
0218,1662,0.0234728,0.0882753,mixed
0218,1663,0.0175475,0.0762464,NC
0218,1664,0.0098423,0.090621,mixed
0218,1668,0.0054816,0.0787297,NC
0218,1670,0.0200516,0.2968321,NC
0218,1671,0.0087596,0.0596532,mixed
0218,1674,0.0047109,0.0262097,mixed
0218,1675,0.0215252,0.0765789,NC
0218,1676,0.0065338,0.0699733,mixed
0218,1682,0.0107195,0.0545726,mixed
0218,1683,0.0155601,0.0654653,NC
0218,1685,0.0501455,0.2866551,rough
0218,1689,0.2010169,0.4641406,NC
0218,1692,0.0102502,0.1221243,mixed
0218,1693,0.044525,0.1235074,NC
0218,1694,0.0048172,0.0629287,mixed
0218,1696,0.0042091,0.0572545,mixed
0218,1697,0.0069013,0.0264212,NC
0218,1703,0.1073769,0.2424222,rough
0218,1710,0.0136534,0.1015794,mixed
0218,1715,0.0082536,0.0885949,NC
0218,1717,0.006767,0.0256166,NC
0218,1718,0.0088777,0.0669787,smooth
0218,1720,0.0152025,0.0302856,mixed
0218,1721,0.0073899,0.0569452,mixed
0218,1723,0.00422,0.0562421,mixed
0218,1728,0.0038265,0.0487867,mixed
0218,1731,0.0111404,0.1414035,mixed
0218,1735,0.0084174,0.0579766,mixed
0218,1736,0.0246995,0.0837076,mixed
0218,1745,0.0098754,0.0797251,smooth
0218,1749,0.0065921,0.0216652,mixed
0218,1753,0.01416,0.1557166,smooth
0218,1758,0.0031932,0.0478249,mixed
0218,1759,0.0084513,0.0313267,smooth
0218,1766,0.277053,0.4612516,rough
0218,1767,0.0124794,0.0509787,smooth
0218,1768,0.0846837,0.2466425,NC
0218,1771,0.0027036,0.0324459,mixed
0218,1772,0.0125783,0.1652513,mixed
0218,1776,0.0084587,0.0296106,mixed
0218,1779,0.0041548,0.1199146,mixed
0218,1781,0.009416,0.1525335,NC
0218,1786,0.003991,0.0132343,mixed
0218,1788,0.0021315,0.0162078,mixed
0218,1791,0.0626785,0.1506627,NC
0218,1793,0.003284,0.0694494,mixed
0218,1799,0.0203385,0.1467983,NC
0218,1800,0.0041798,0.038494,NC
0218,1801,0.0040029,0.0474397,mixed
0218,1803,0.0051973,0.0694763,mixed
0218,1804,0.0017116,0.0529477,mixed
0218,1806,0.0660455,0.191904,NC
0218,1807,0.0101953,0.0847668,NC
0218,1808,0.0121427,0.0636605,mixed
0218,1809,0.0243518,0.2174812,NC
0218,1810,0.0076965,0.0401055,mixed
0218,1815,0.0480533,0.383947,rough
0218,1822,0.0098029,0.076159,mixed
0218,1824,0.0086918,0.066913,water
0218,1826,0.0170186,0.1169404,NC
0218,1829,0.0031152,0.0451891,mixed
0218,1830,0.1857778,0.2996638,rough
0218,1835,0.0211731,0.0645438,NC
0218,1837,0.0679448,0.2048666,NC
0218,1838,0.0093974,0.0755535,NC
0218,1844,0.0158046,0.1618209,smooth
0218,1845,0.0233396,0.2550072,NC
0218,1848,0.0022928,0.0159633,mixed
0218,1852,0.0323936,0.2086707,rough
0218,1853,0.0092163,0.1132347,NC
0218,1857,0.0206199,0.0965659,mixed
0218,1861,0.003389,0.0313661,NC
0218,1867,0.0091436,0.0688609,mixed
0218,1868,0.012625,0.0432649,NC
0218,1870,0.0314389,0.2993897,rough
0218,1877,0.1550073,0.5188312,rough
0218,1879,0.2320491,0.4858378,rough
0218,1880,0.0068554,0.0393565,smooth
0218,1881,0.0047831,0.026679,mixed
0218,1882,0.0057922,0.0533244,NC
0218,1883,0.0082497,0.030252,NC
0218,1885,0.1917986,0.3394099,rough
0218,1886,0.0041268,0.0262195,mixed
0218,1887,0.0062335,0.0287205,smooth
0218,1888,0.016455,0.1456863,smooth
0218,1889,0.0041319,0.0177426,mixed
0218,1892,0.0021569,0.0179287,mixed
0218,1893,0.0134141,0.1508793,NC
0218,1894,0.0114722,0.076779,NC
0218,1898,0.0143973,0.0433552,mixed
0218,1902,0.0048709,0.049858,mixed
0218,1904,0.0087292,0.2191604,NC
0218,1908,0.0137803,0.1105992,mixed
0218,1913,0.0144628,0.0803723,mixed
0218,1915,0.0336092,0.1242438,NC
0218,1916,0.032731,0.0706236,NC
0218,1917,0.0155634,0.1120035,NC
0218,1921,0.0191455,0.0762591,mixed
0218,1924,0.101289,0.3144935,rough
0218,1926,0.0064808,0.0522124,mixed
0218,1930,0.0181191,0.0805113,NC
0218,1932,0.0864368,0.3874217,rough
0218,1935,0.0110417,0.0753812,mixed
0218,1936,0.0027349,0.04874,mixed
0218,1941,0.0121495,0.0887433,NC
0218,1944,0.0039278,0.0994019,NC
0218,1945,0.0099345,0.0689094,smooth
0218,1950,0.0767535,0.2423286,NC
0218,1951,0.0049319,0.0482302,mixed
0302,3,0.0032753,0.0346277,NC
0302,6,0.0022402,0.0561374,NC
0302,8,0.0070403,0.1167007,rough
0302,13,0.0088571,0.0126034,mixed
0302,15,0.0099785,0.1117517,rough
0302,16,0.0033769,0.0111932,smooth
0302,17,0.0022697,0.0198281,water
0302,21,0.0049277,0.0703949,NC
0302,23,0.0161098,0.1038027,smooth
0302,24,0.0082945,0.0622157,smooth
0302,25,0.0037839,0.0268487,water
0302,30,0.0039589,0.0199785,water
0302,32,0.0043269,0.0308021,rough
0302,35,0.0030501,0.0775471,NC
0302,40,0.0078695,0.0179491,NC
0302,41,0.0040816,0.1199396,NC
0302,43,0.0040634,0.0638747,NC
0302,44,0.0035704,0.0443449,NC
0302,46,0.005761,0.0289465,NC
0302,47,0.0035415,0.0737803,NC
0302,48,0.001812,0.229314,smooth
0302,54,0.0068111,0.0365949,rough
0302,55,0.0026704,0.0575425,water
0302,56,0.0056032,0.0476157,mixed
0302,57,0.0050518,0.078961,NC
0302,59,0.0038849,0.0224627,NC
0302,61,0.006941,0.0408491,NC
0302,62,0.0035019,0.0257819,NC
0302,64,0.0095649,0.049673,rough
0302,65,0.0039031,0.0280412,water
0302,66,0.0019671,0.0243126,smooth
0302,67,0.0048586,0.0305491,rough
0302,69,0.0034025,0.038945,NC
0302,71,0.0057805,0.0137616,NC
0302,72,0.0077638,0.0781509,NC
0302,73,0.0017169,0.0330739,smooth
0302,75,0.00599,0.0285073,smooth
0302,76,0.0050208,0.092605,NC
0302,77,0.0074712,0.0359336,rough
0302,80,0.0039843,0.0456088,mixed
0302,81,0.0075296,0.0599067,mixed
0302,82,0.0093037,0.0550721,smooth
0302,83,0.0032559,0.0359794,mixed
0302,85,0.001719,0.0082538,smooth
0302,86,0.0016224,0.0349481,rough
0302,90,0.0025984,0.0281842,NC
0302,94,0.0055484,0.0455243,NC
0302,95,0.0045096,0.0259057,mixed
0302,99,0.0012862,0.1426753,NC
0302,100,0.004843,0.0303128,mixed
0302,102,0.0038657,0.0479697,NC
0302,104,0.003972,0.0495262,mixed
0302,105,0.0066081,0.0243914,smooth
0302,106,0.003914,0.027433,mixed
0302,107,0.0069143,0.1153316,NC
0302,109,0.0068719,0.0243272,NC
0302,110,0.0046755,0.0435628,NC
0302,113,0.0027692,0.0260871,NC
0302,114,0.0045504,0.0451034,NC
0302,115,0.0026933,0.0280582,mixed
0302,116,0.0095169,0.0371633,rough
0302,117,0.0035022,0.0308195,NC
0302,121,0.0011567,0.0218824,mixed
0302,122,0.0045995,0.0175455,NC
0302,124,0.0035787,0.0325118,smooth
0302,125,0.0036915,0.0391661,water
0302,127,0.0059128,0.0451139,NC
0302,129,0.0048213,0.0516701,NC
0302,130,0.0034952,0.0287055,smooth
0302,132,0.0067456,0.0218315,NC
0302,133,0.0037881,0.0596169,rough
0302,135,0.0043,0.0736769,NC
0302,136,0.0045832,0.0358701,mixed
0302,138,0.0048017,0.0289376,mixed
0302,140,0.0059824,0.1149084,NC
0302,141,0.0056325,0.0968341,rough
0302,142,0.0027366,0.0168027,NC
0302,143,0.0019637,0.0247755,NC
0302,144,0.0094149,0.0628988,smooth
0302,145,0.0060523,0.0397288,NC
0302,147,0.0041789,0.0596674,rough
0302,148,0.0067183,0.0238903,mixed
0302,151,0.0041861,0.0300195,NC
0302,152,0.0058874,0.0453914,rough
0302,153,0.0070988,0.0366165,rough
0302,157,0.0021805,0.0227907,NC
0302,158,0.0068516,0.239131,NC
0302,159,0.0107324,0.0297854,smooth
0302,160,0.0041683,0.0440714,rough
0302,162,0.0056619,0.0378666,rough
0302,163,0.0051796,0.0349879,NC
0302,165,0.0047104,0.0642027,NC
0302,166,0.0029421,0.0183068,smooth
0302,168,0.0079326,0.0224659,smooth
0302,169,0.0044067,0.0411032,mixed
0302,172,0.0062127,0.0076117,smooth
0302,174,0.0026799,0.0245537,smooth
0302,177,0.0056777,0.0245825,mixed
0302,178,0.0061262,0.0271735,NC
0302,180,0.0056902,0.0451422,NC
0302,183,0.0029061,0.014853,NC
0302,188,0.0081417,0.0457233,mixed
0302,189,0.0063826,0.0304451,smooth
0302,190,0.0121647,0.0592044,NC
0302,194,0.0051725,0.0638046,mixed
0302,195,0.0041347,0.0329437,NC
0302,197,0.0101924,0.0365947,smooth
0302,198,0.0021467,0.019821,smooth
0302,201,0.0040418,0.0291039,smooth
0302,202,0.0042519,0.0226142,smooth
0302,203,0.0073933,0.3242587,smooth
0302,204,0.0035975,0.0073035,smooth
0302,206,0.0040711,0.0290736,NC
0302,207,0.0059173,0.0567996,NC
0302,208,0.0039279,0.0459495,NC
0302,210,0.0120588,0.1001278,NC
0302,211,0.0040194,0.0731784,rough
0302,212,0.0036718,0.0522934,rough
0302,214,0.0019034,0.0201067,smooth
0302,217,0.003247,0.0149391,mixed
0302,219,0.001379,0.012825,water
0302,222,0.0046122,0.0392581,rough
0302,225,0.0035391,0.0189163,NC
0302,226,0.0042972,0.0567564,mixed
0302,227,0.0024875,0.0564026,NC
0302,232,0.0025714,0.0199622,mixed
0302,235,0.0073354,0.1235041,NC
0302,236,0.0045978,0.1113428,rough
0302,238,0.0034915,0.0562293,smooth
0302,240,0.0044621,0.0601951,NC
0302,242,0.0023336,0.0180532,NC
0302,243,0.0053876,0.0494096,rough
0302,245,0.0065417,0.0389124,NC
0302,248,0.0037852,0.0198589,NC
0302,250,0.0041682,0.0184491,mixed
0302,251,0.0037373,0.024866,NC
0302,253,0.0047956,0.028408,NC
0302,255,0.0046693,0.0266032,mixed
0302,258,0.0040494,0.2077651,smooth
0302,259,0.0040377,0.0330755,NC
0302,260,0.0036326,0.0397874,NC
0302,261,0.0027411,0.0688247,NC
0302,262,0.0048973,0.0269011,NC
0302,263,0.0042482,0.0293198,smooth
0302,265,0.0041285,0.0156682,smooth
0302,268,0.0022601,0.0334142,smooth
0302,272,0.0049132,0.0159649,smooth
0302,274,0.0026269,0.0348384,NC
0302,277,0.0049061,0.073396,smooth
0302,278,0.0036529,0.0341274,smooth
0302,280,0.0049488,0.0456452,rough
0302,281,0.0024319,0.0141645,NC
0302,284,0.0046174,0.0571958,NC
0302,285,0.004105,0.0339558,smooth
0302,287,0.0071147,0.0530665,rough
0302,288,0.001901,0.0221738,NC
0302,289,0.0059665,0.014771,mixed
0302,292,0.0039286,0.0647784,NC
0302,294,0.004716,0.0206906,mixed
0302,295,0.0052753,0.0639517,smooth
0302,296,0.0054339,0.0178867,NC
0302,298,0.0041354,0.0231844,NC
0302,300,0.0029314,0.037788,NC
0302,302,0.0095207,0.1241049,smooth
0302,303,0.0102172,0.0988923,NC
0302,304,0.0073256,0.045753,NC
0302,306,0.0033557,0.0162858,smooth
0302,307,0.0028423,0.0349172,smooth
0302,308,0.0043318,0.0423121,NC
0302,310,0.0047456,0.0226432,mixed
0302,311,0.0027472,0.0288317,smooth
0302,312,0.0113542,0.0935524,smooth
0302,314,0.0022332,0.0160266,smooth
0302,315,0.0107554,0.0211594,smooth
0302,317,0.0094502,0.0272435,NC
0302,318,0.0069276,0.0503662,smooth
0302,319,0.0024952,0.0313504,NC
0302,320,0.0030965,0.1088977,NC
0302,321,0.0042322,0.1182763,NC
0302,323,0.0039509,0.0506336,rough
0302,325,0.0038727,0.0680868,rough
0302,327,0.005464,0.0224139,rough
0302,329,0.0047921,0.061559,mixed
0302,330,0.003557,0.0503585,smooth
0302,331,0.0056557,0.0862146,rough
0302,332,0.0029882,0.1853316,NC
0302,333,0.0083939,0.042773,NC
0302,334,0.0049983,0.035785,NC
0302,337,0.002788,0.0530087,NC
0302,338,0.0033978,0.0244593,smooth
0302,339,0.0033585,0.0104291,smooth
0302,341,0.0030361,0.0381756,water
0302,342,0.0031609,0.0385146,NC
0302,343,0.0014404,0.0213109,NC
0302,344,0.0027286,0.0231941,NC
0302,345,0.005185,0.0322151,rough
0302,347,0.0030414,0.0390967,water
0302,349,0.0024261,0.0591002,smooth
0302,352,0.0045629,0.0414892,mixed
0302,353,0.0028089,0.0159531,NC
0302,355,0.0024118,0.0624785,NC
0302,358,0.0021819,0.0250166,NC
0302,363,0.0052549,0.0352519,mixed
0302,365,0.0029467,0.0351198,rough
0302,367,0.0023811,0.0560256,mixed
0302,368,0.0067299,0.028727,NC
0302,369,0.0037584,0.0395002,rough
0302,370,0.0053544,0.0186671,water
0302,371,0.0040481,0.0402478,NC
0302,372,0.0059703,0.0358031,NC
0302,373,0.0069377,0.0295755,rough
0302,375,0.003176,0.0969758,NC
0302,376,0.0038549,0.0517408,NC
0302,378,0.0116599,0.0915912,NC
0302,380,0.0100299,0.0565365,smooth
0302,381,0.0040058,0.0324631,NC
0302,382,0.0063744,0.112783,NC
0302,383,0.0040647,0.0231374,NC
0302,384,0.0036206,0.0366815,smooth
0302,386,0.0038452,0.0262723,water
0302,387,0.0062159,0.0286522,NC
0302,388,0.0041709,0.0131148,rough
0302,391,0.0049345,0.0119402,smooth
0302,392,0.0032724,0.0418787,mixed
0302,393,0.0021713,0.056371,rough
0302,397,0.0049821,0.0347031,NC
0302,398,0.0071791,0.0239425,smooth
0302,401,0.0056769,0.0289393,mixed
0302,402,0.0054803,0.0628773,NC
0302,403,0.0108108,0.0492046,smooth
0302,404,0.005874,0.0387099,NC
0302,405,0.0025872,0.0167125,mixed
0302,408,0.0075059,0.0493939,rough
0302,409,0.0037078,0.0092348,smooth
0302,411,0.0038094,0.0454952,rough
0302,416,0.0024891,0.0102865,NC
0302,419,0.0052634,0.0125804,mixed
0302,424,0.004553,0.0669542,NC
0302,425,0.0028058,0.0354812,NC
0302,427,0.004414,0.04862,smooth
0302,430,0.0069916,0.0809735,rough
0302,431,0.0063819,0.0697824,NC
0302,433,0.0022067,0.0268179,NC
0302,438,0.0108313,0.0621547,NC
0302,440,0.0072913,0.0270968,NC
0302,442,0.0044372,0.0093068,mixed
0302,444,0.0029353,0.1572092,NC
0302,446,0.0043449,0.037249,NC
0302,447,0.0032148,0.0370058,rough
0302,450,0.0019907,0.0523732,NC
0302,452,0.0034271,0.0377775,mixed
0302,453,0.0037951,0.0180128,smooth
0302,454,0.0040359,0.0428273,rough
0302,455,0.0025978,0.0568235,rough
0302,456,0.0050195,0.1209195,NC
0302,457,0.0058615,0.0237145,NC
0302,458,0.0057177,0.0559797,NC
0302,461,0.0044294,0.0367495,NC
0302,463,0.0017631,0.0426295,NC
0302,466,0.0030285,0.0373892,NC
0302,469,0.001885,0.0265003,smooth
0302,473,0.0038096,0.0403087,NC
0302,474,0.0103911,0.0354113,NC
0302,475,0.0071557,0.1260393,NC
0302,476,0.0027335,0.0201838,smooth
0302,478,0.0045273,0.0383174,NC
0302,479,0.0091125,0.0458137,NC
0302,480,0.0077006,0.1155329,rough
0302,481,0.0024768,0.0402554,NC
0302,482,0.0091447,0.1292089,NC
0302,483,0.0053724,0.0455429,rough
0302,484,0.0041085,0.0180118,smooth
0302,485,0.0066482,0.0290552,mixed
0302,492,0.0024107,0.0369091,mixed
0302,493,0.0087254,0.0903362,mixed
0302,497,0.0053433,0.0372134,rough
0302,499,0.0047581,0.045987,mixed
0302,500,0.0027475,0.04671,NC
0302,501,0.0045035,0.0588712,NC
0302,502,0.0025969,0.0456209,smooth
0302,509,0.0076312,0.0482932,smooth
0302,510,0.0042908,0.0370216,mixed
0302,511,0.0038227,0.0685706,NC
0302,512,0.0011053,0.0383922,NC
0302,513,0.0049766,0.0279028,NC
0302,516,0.0093171,0.1097391,mixed
0302,517,0.0039401,0.0160493,smooth
0302,519,0.0023455,0.0215167,NC
0302,522,0.0069996,0.074512,rough
0302,523,0.0052778,0.0756508,rough
0302,524,0.0053821,0.0306351,smooth
0302,525,0.0030513,0.0311394,mixed
0302,526,0.0066669,0.0286121,NC
0302,527,0.0039061,0.0306621,smooth
0302,529,0.0074199,0.075603,NC
0302,530,0.0026271,0.0320956,mixed
0302,531,0.001892,0.0239247,rough
0302,535,0.002478,0.0422327,NC
0302,536,0.0035878,0.0388299,smooth
0302,537,0.0040486,0.0186625,mixed
0302,541,0.0060837,0.0929165,NC
0302,542,0.0047221,0.0174812,mixed
0302,546,0.0037246,0.0203685,NC
0302,547,0.0047333,0.035155,NC
0302,549,0.0032058,0.0427921,NC
0302,551,0.0032383,0.044953,NC
0302,552,0.0048292,0.0663007,rough
0302,553,0.0098671,0.0177049,NC
0302,555,0.0029167,0.0466934,smooth
0302,558,0.007399,0.01028,smooth
0302,559,0.0054742,0.0222323,NC
0302,560,0.0060129,0.0391409,mixed
0302,563,0.0038532,0.0267806,smooth
0302,565,0.0028588,0.0609554,rough
0302,566,0.0049317,0.0728069,rough
0302,570,0.0044408,0.0535182,NC
0302,572,0.0053559,0.0268754,NC
0302,573,0.0101912,0.0523031,mixed
0302,575,0.0077734,0.0546768,rough
0302,576,0.006077,0.02213,mixed
0302,577,0.0024272,0.0271461,smooth
0302,578,0.0055138,0.0380827,smooth
0302,579,0.0027613,0.0269092,mixed
0302,582,0.0066153,0.0417823,NC
0302,583,0.0038988,0.0689693,rough
0302,584,0.0062339,0.066112,mixed
0302,587,0.0046879,0.0598801,rough
0302,588,0.0052575,0.0298944,NC
0302,590,0.0065403,0.0749343,mixed
0302,591,0.0027465,0.0485565,NC
0302,592,0.0088318,0.0814138,mixed
0302,594,0.0042809,0.0429133,NC
0302,595,0.0026976,0.0427009,smooth
0302,596,0.0017826,0.0445858,smooth
0302,597,0.0062047,0.0594197,smooth
0302,599,0.0056736,0.1062505,NC
0302,604,0.0048675,0.0604937,rough
0302,605,0.0075463,0.0374366,smooth
0302,606,0.006601,0.0280887,NC
0302,607,0.0043348,0.0423119,mixed
0302,609,0.0036704,0.0442242,NC
0302,610,0.0050584,0.0316818,mixed
0302,612,0.0034061,0.0207281,mixed
0302,613,0.0033978,0.0426851,smooth
0302,614,0.0044689,0.0562711,NC
0302,615,0.0055752,0.0426358,NC
0302,618,0.0035422,0.0420264,NC
0302,619,0.0034386,0.0235273,mixed
0302,620,0.0048719,0.0192977,smooth
0302,622,0.0062672,0.0537416,NC
0302,627,0.0048657,0.0557226,NC
0302,628,0.0052573,0.0472759,NC
0302,631,0.0057611,0.0439615,NC
0302,632,0.0067102,0.0221233,NC
0302,633,0.002746,0.0505966,mixed
0302,634,0.002566,0.031035,smooth
0302,635,0.0034885,0.0609852,mixed
0302,641,0.0049174,0.0387184,NC
0302,642,0.0042137,0.0432154,NC
0302,643,0.0034753,0.0514624,smooth
0302,645,0.0071546,0.1080953,NC
0302,646,0.0049396,0.0303843,smooth
0302,649,0.0082326,0.045474,NC
0302,651,0.0058187,0.0392666,smooth
0302,652,0.0040712,0.0252735,NC
0302,655,0.0051776,0.0139855,smooth
0302,656,0.0046482,0.0553704,mixed
0302,657,0.0049246,0.0127845,smooth
0302,660,0.0130026,0.050128,NC
0302,661,0.0095377,0.0353447,mixed
0302,663,0.0035426,0.0546207,NC
0302,664,0.006043,0.1373915,NC
0302,665,0.0034769,0.037499,rough
0302,666,0.0020251,0.0183304,mixed
0302,667,0.0048717,0.10971,NC
0302,668,0.0055893,0.0232612,rough
0302,669,0.0031093,0.0279265,mixed
0302,670,0.0032925,0.0423272,smooth
0302,671,0.0096789,0.087955,rough
0302,672,0.0035369,0.0220319,NC
0302,673,0.0038989,0.020183,smooth
0302,674,0.0032247,0.0373511,rough
0302,675,0.0021297,0.019747,NC
0302,676,0.002541,0.0262501,rough
0302,677,0.0149004,0.0594406,smooth
0302,678,0.0052211,0.0656954,NC
0302,679,0.0033547,0.0753769,mixed
0302,680,0.0051364,0.1094194,NC
0302,681,0.0038379,0.0283355,NC
0302,682,0.0033435,0.0394774,mixed
0302,683,0.0063338,0.080341,mixed
0302,684,0.0020766,0.0308886,smooth
0302,687,0.0030468,0.0474432,rough
0302,688,0.005956,0.0400292,mixed
0302,690,0.0122244,0.1041501,smooth
0302,692,0.0017601,0.0318768,smooth
0302,693,0.0070705,0.0302608,NC
0302,695,0.0029093,0.0164246,NC
0302,696,0.0146381,0.0442575,NC
0302,697,0.0062814,0.0475868,rough
0302,698,0.0034161,0.0609043,NC
0302,700,0.0039534,0.0451821,NC
0302,701,0.0053802,0.0783641,smooth
0302,704,0.0023658,0.0231678,smooth
0302,710,0.0053129,0.0681939,NC
0302,714,0.0062316,0.0445684,NC
0302,715,0.0037338,0.0278192,smooth
0302,719,0.00493,0.0226589,mixed
0302,720,0.0076202,0.0288689,NC
0302,722,0.0114512,0.0483962,smooth
0302,723,0.0061878,0.0202675,smooth
0302,724,0.0035799,0.0910949,NC
0302,727,0.0078458,0.0468132,NC
0302,730,0.0084528,0.0180782,NC
0302,732,0.0067319,0.0419058,NC
0302,733,0.0080889,0.0687866,NC
0302,736,0.0127366,0.0528927,smooth
0302,737,0.0072422,0.0205013,NC
0302,738,0.0043881,0.0089077,smooth
0302,739,0.0031894,0.0333053,smooth
0302,740,0.002877,0.0860742,NC
0302,741,0.0025433,0.0324913,NC
0302,743,0.0022558,0.0457285,smooth
0302,744,0.0026587,0.0608279,NC
0302,745,0.0070934,0.0631518,rough
0302,746,0.0060665,0.041659,NC
0302,747,0.0031544,0.0352863,NC
0302,748,0.0005657,0.0523576,smooth
0302,753,0.010607,0.0409552,smooth
0302,755,0.0022542,0.0110642,NC
0302,756,0.0107767,0.048747,NC
0302,759,0.0060612,0.1019092,rough
0302,762,0.00175,0.0495177,water
0302,763,0.0069912,0.0756506,NC
0302,764,0.0072797,0.0894292,smooth
0302,767,0.0033221,0.0336783,NC
0302,768,0.0037854,0.0294999,smooth
0302,771,0.0057177,0.0474168,NC
0302,772,0.0141483,0.0430675,NC
0302,773,0.0017451,0.0361766,smooth
0302,775,0.0041327,0.0379112,mixed
0302,777,0.0052092,0.0747241,rough
0302,778,0.0032332,0.0658027,NC
0302,781,0.0096281,0.1291619,NC
0302,786,0.0025315,0.0715154,smooth
0302,790,0.0051568,0.0697081,NC
0302,791,0.0033662,0.0419534,smooth
0302,794,0.0049933,0.0823534,mixed
0302,795,0.0049438,0.0280918,NC
0302,797,0.0026366,0.012212,NC
0302,798,0.0042744,0.0314437,NC
0302,804,0.0042118,0.0264949,mixed
0302,807,0.0038756,0.0514514,smooth
0302,809,0.0051624,0.0590498,mixed
0302,810,0.0059673,0.0359106,NC
0302,811,0.0027313,0.0797077,NC
0302,812,0.00233,0.0110158,mixed
0302,815,0.0029252,0.0536265,NC
0302,817,0.0081713,0.1518319,smooth
0302,819,0.0044409,0.0649873,water
0302,820,0.0030334,0.0328787,mixed
0302,821,0.0030635,0.0430358,NC
0302,822,0.0044385,0.0552907,NC
0302,823,0.0081118,0.0976398,NC
0302,824,0.006646,0.0304507,mixed
0302,825,0.005258,0.0499187,NC
0302,827,0.0019726,0.0703394,NC
0302,828,0.0031804,0.1046552,rough
0302,832,0.0145434,0.0540069,smooth
0302,834,0.0076986,0.1698736,smooth
0302,838,0.0068265,0.053585,smooth
0302,839,0.0035723,0.0720557,mixed
0302,840,0.0031151,0.0143669,smooth
0302,842,0.0027861,0.0128949,smooth
0302,844,0.0068927,0.0500747,rough
0302,845,0.0016796,0.0150233,smooth
0302,847,0.0034145,0.0262499,rough
0302,849,0.0074664,0.0773158,NC
0302,850,0.0034723,0.0110292,NC
0302,852,0.0067143,0.0842246,NC
0302,853,0.0036573,0.0758629,rough
0302,854,0.0064069,0.0841242,NC
0302,858,0.0084775,0.1050532,rough
0302,860,0.0041943,0.1588473,NC
0302,861,0.0057128,0.0612986,NC
0302,862,0.0112976,0.079137,mixed
0302,863,0.0042647,0.1334217,NC
0302,864,0.0040295,0.0225073,mixed
0302,865,0.0040768,0.0292813,NC
0302,866,0.0035284,0.0289502,NC
0302,867,0.0039762,0.0405846,smooth
0302,869,0.0098907,0.0631889,rough
0302,871,0.0045458,0.07317,NC
0302,872,0.0040987,0.0099971,mixed
0302,874,0.0036372,0.0275789,water
0302,875,0.0034044,0.0203707,NC
0302,876,0.0033407,0.3934956,NC
0302,878,0.0032305,0.0889851,NC
0302,881,0.0030065,0.0823946,rough
0302,885,0.0033897,0.0494465,water
0302,886,0.0031836,0.0359464,NC
0302,888,0.0033705,0.0570656,rough
0302,890,0.0053188,0.0160457,smooth
0302,891,0.00767,0.0357468,NC
0302,893,0.0043606,0.0439344,smooth
0302,894,0.0069376,0.0825006,mixed
0302,895,0.011007,0.0284068,NC
0302,896,0.003221,0.0207337,mixed
0302,900,0.0049971,0.1289724,NC
0302,901,0.0054848,0.0688135,smooth
0302,903,0.006812,0.0250998,smooth
0302,904,0.0025432,0.023439,smooth
0302,905,0.0041959,0.1019282,NC
0302,906,0.0050944,0.0475652,NC
0302,907,0.0054355,0.042532,mixed
0302,911,0.0020426,0.0205477,NC
0302,912,0.0047954,0.0133479,smooth
0302,916,0.0040551,0.0171762,NC
0302,917,0.0037973,0.0470783,mixed
0302,918,0.0029768,0.0263037,water
0302,920,0.0026597,0.0197394,smooth
0302,921,0.0035971,0.0269404,rough
0302,922,0.0019725,0.0538873,rough
0302,923,0.0023733,0.0837259,NC
0302,924,0.0081001,0.0384711,NC
0302,926,0.0033382,0.1358742,NC
0302,928,0.002301,0.0256203,smooth
0302,929,0.0032627,0.0735941,NC
0302,932,0.0048473,0.0660954,rough
0302,933,0.0016407,0.0551472,rough
0302,936,0.0040336,0.0163817,NC
0302,937,0.0055029,0.0584145,NC
0302,938,0.0020152,0.0239941,mixed
0302,939,0.0053623,0.0712348,rough
0302,940,0.0077901,0.0472844,smooth
0302,941,0.0014048,0.0522647,NC
0302,943,0.0046759,0.0182392,smooth
0302,944,0.0119355,0.05523,rough
0302,945,0.0017599,0.0189115,mixed
0302,946,0.0115058,0.0452784,smooth
0302,948,0.005233,0.0783621,NC
0302,950,0.0025552,0.0232442,mixed
0302,951,0.0038028,0.0613712,NC
0302,953,0.0057516,0.0345245,rough
0302,954,0.0029939,0.0100935,mixed
0302,955,0.0073772,0.0448882,smooth
0302,957,0.0032546,0.0069956,smooth
0302,958,0.0059353,0.0271344,NC
0302,959,0.0046589,0.0536621,NC
0302,961,0.0043157,0.0201723,NC
0302,962,0.0041684,0.0382509,NC
0302,963,0.0052823,0.0131756,smooth
0302,965,0.0054317,0.1118604,NC
0302,966,0.0035642,0.0890119,mixed
0302,970,0.0103789,0.0973205,mixed
0302,972,0.0050479,0.1142383,NC
0302,976,0.0036496,0.0329972,mixed
0302,977,0.0038727,0.0412393,rough
0302,981,0.0074513,0.0691912,NC
0302,982,0.005443,0.0930314,NC
0302,984,0.0038558,0.0283697,smooth
0302,987,0.0038801,0.0425199,mixed
0302,988,0.0034791,0.062381,rough
0302,989,0.0045056,0.1127194,NC
0302,990,0.0019026,0.0145854,NC
0302,991,0.0118985,0.0921302,smooth
0302,993,0.0039931,0.0288292,mixed
0302,995,0.0025269,0.0332378,NC
0302,996,0.0093909,0.1035339,rough
0302,997,0.0078257,0.0842967,rough
0302,999,0.0028021,0.0430763,rough
0302,1000,0.0017975,0.0279799,NC
0302,1001,0.0070053,0.0426057,mixed
0302,1002,0.0031541,0.0182616,mixed
0302,1004,0.0039605,0.0413592,rough
0302,1005,0.0088228,0.049753,mixed
0302,1008,0.003351,0.0187519,NC
0302,1009,0.0042206,0.0705621,rough
0302,1010,0.0043002,0.0510857,rough
0302,1013,0.0015514,0.0489473,smooth
0302,1014,0.00345,0.0587652,mixed
0302,1018,0.0073047,0.0433509,rough
0302,1019,0.0023952,0.0111294,smooth
0302,1020,0.0022169,0.0110149,smooth
0302,1024,0.007554,0.0378342,NC
0302,1025,0.0038766,0.0225308,smooth
0302,1026,0.0059036,0.0684482,NC
0302,1027,0.0024003,0.0229331,smooth
0302,1028,0.0030034,0.0392748,smooth
0302,1030,0.0022843,0.0477889,NC
0302,1031,0.0050815,0.0550825,NC
0302,1032,0.0037308,0.0146247,NC
0302,1033,0.0132381,0.0733121,smooth
0302,1035,0.0065145,0.0864312,rough
0302,1036,0.0041789,0.0481688,NC
0302,1037,0.00448,0.0231735,smooth
0302,1038,0.0060972,0.066185,smooth
0302,1039,0.0048417,0.0371269,rough
0302,1040,0.0042953,0.0313487,mixed
0302,1042,0.0017488,0.0117358,smooth
0302,1043,0.001664,0.0172847,NC
0302,1045,0.0014432,0.0454958,rough
0302,1046,0.0084232,0.0321913,smooth
0302,1052,0.0056406,0.0268359,water
0302,1053,0.0021601,0.0393874,NC
0302,1055,0.0029515,0.0430326,smooth
0302,1060,0.0057678,0.0087384,smooth
0302,1065,0.0048919,0.0770952,NC
0302,1068,0.004297,0.0245321,mixed
0302,1069,0.003239,0.0282328,smooth
0302,1070,0.006643,0.0875961,rough
0302,1073,0.0067104,0.0192441,smooth
0302,1075,0.0093677,0.064421,mixed
0302,1077,0.0018465,0.0147247,smooth
0302,1078,0.0072977,0.0708734,smooth
0302,1079,0.0051305,0.0252177,mixed
0302,1080,0.0024867,0.0445877,rough
0302,1083,0.0035087,0.0417706,smooth
0302,1084,0.0066816,0.0169018,rough
0302,1089,0.0066765,0.2564094,rough
0302,1091,0.0028562,0.0199987,smooth
0302,1092,0.0029475,0.0367265,mixed
0302,1093,0.0104468,0.04111,rough
0302,1094,0.0029275,0.0572379,mixed
0302,1096,0.0015011,0.0087233,NC
0302,1098,0.0086244,0.0993036,mixed
0302,1099,0.0029515,0.0257828,NC
0302,1100,0.0053454,0.0894023,NC
0302,1101,0.0037377,0.0595426,NC
0302,1103,0.0039323,0.0207568,mixed
0302,1104,0.0050434,0.0830778,NC
0302,1105,0.0062604,0.0498277,mixed
0302,1107,0.0035832,0.027541,NC
0302,1108,0.0025704,0.0163492,NC
0302,1109,0.0037506,0.0313133,NC
0302,1111,0.0051521,0.0383944,water
0302,1113,0.0013335,0.0289368,smooth
0302,1116,0.013891,0.0644358,rough
0302,1118,0.0071835,0.0313196,NC
0302,1119,0.0114643,0.0300447,NC
0302,1120,0.0048059,0.0171355,smooth
0302,1122,0.0023356,0.0221436,smooth
0302,1127,0.0050874,0.0247016,smooth
0302,1128,0.0019443,0.0167004,smooth
0302,1130,0.0103243,0.0560682,smooth
0302,1131,0.0029441,0.0868314,NC
0302,1132,0.0084911,0.0504418,NC
0302,1133,0.0122585,0.0445577,NC
0302,1135,0.0046966,0.0204646,water
0302,1136,0.0033602,0.0194775,smooth
0302,1139,0.0058235,0.0292992,mixed
0302,1146,0.0029494,0.0355938,mixed
0302,1148,0.004139,0.05297,NC
0302,1149,0.0020017,0.0342851,smooth
0302,1151,0.0056929,0.0605436,rough
0302,1152,0.0068823,0.0368546,mixed
0302,1153,0.0043083,0.1108722,NC
0302,1155,0.0044279,0.0481122,NC
0302,1157,0.0081952,0.0314915,NC
0302,1158,0.0070311,0.0181117,NC
0302,1159,0.0066708,0.041119,NC
0302,1160,0.0077417,0.1417728,smooth
0302,1162,0.0010948,0.0508545,NC
0302,1163,0.002816,0.0658382,NC
0302,1164,0.0087677,0.0480566,NC
0302,1169,0.0046917,0.0589224,NC
0302,1170,0.0029854,0.0347685,NC
0302,1175,0.0062042,0.0300715,mixed
0302,1176,0.0097285,0.0293262,NC
0302,1177,0.0047926,0.0231823,smooth
0302,1178,0.0101918,0.0168722,mixed
0302,1179,0.012534,0.0651618,smooth
0302,1182,0.0032521,0.0348639,NC
0302,1183,0.0056841,0.0688138,rough
0302,1184,0.002947,0.0403851,NC
0302,1185,0.0047095,0.0486322,NC
0302,1188,0.0024558,0.0338883,smooth
0302,1189,0.0080262,0.0668798,mixed
0302,1191,0.0029498,0.0318517,mixed
0302,1193,0.010624,0.1614764,rough
0302,1194,0.0054762,0.0530934,smooth
0302,1195,0.003609,0.0178721,NC
0302,1197,0.0049705,0.0646819,rough
0302,1199,0.0050419,0.0463412,NC
0302,1200,0.0047079,0.0220798,mixed
0302,1202,0.0066956,0.0217277,mixed
0302,1203,0.0064898,0.0664425,rough
0302,1205,0.0045592,0.0417369,NC
0302,1206,0.0037385,0.0275232,NC
0302,1207,0.0072204,0.0496224,mixed
0302,1208,0.0037105,0.0461563,smooth
0302,1209,0.0052229,0.0264051,water
0302,1211,0.0045631,0.0437258,NC
0302,1212,0.0031114,0.0255991,smooth
0302,1213,0.0046767,0.0282317,NC
0302,1214,0.0030115,0.0820386,rough
0302,1215,0.0072222,0.0497641,NC
0302,1217,0.0045666,0.0542978,NC
0302,1218,0.0040102,0.0141537,mixed
0302,1219,0.0036325,0.047307,NC
0302,1223,0.0058271,0.1298974,NC
0302,1225,0.001856,0.0163166,water
0302,1228,0.005405,0.0344002,NC
0302,1235,0.0032397,0.0512446,rough
0302,1237,0.0067035,0.021359,NC
0302,1238,0.003286,0.0121325,smooth
0302,1239,0.0031047,0.0480665,NC
0302,1240,0.0042104,0.0217253,smooth
0302,1241,0.0026924,0.0374511,smooth
0302,1247,0.0071956,0.1007708,mixed
0302,1248,0.0050391,0.0390821,NC
0302,1251,0.0044344,0.0591925,smooth
0302,1254,0.0048737,0.0447932,NC
0302,1255,0.0053643,0.0813363,NC
0302,1257,0.0055109,0.0287383,NC
0302,1259,0.0018268,0.0674404,NC
0302,1260,0.0047481,0.0465036,NC
0302,1263,0.0058511,0.0846721,rough
0302,1264,0.0037623,0.0117639,NC
0302,1265,0.0028485,0.0338637,smooth
0302,1270,0.0062837,0.015353,mixed
0302,1271,0.0067394,0.0984928,rough
0302,1272,0.0074131,0.0316386,mixed
0302,1273,0.0023632,0.0226236,smooth
0302,1274,0.0066825,0.045246,rough
0302,1275,0.0075876,0.0460998,smooth
0302,1276,0.0057284,0.0423505,mixed
0302,1277,0.0073189,0.0955959,rough
0302,1280,0.0053412,0.1097928,mixed
0302,1285,0.0057697,0.036155,rough
0302,1287,0.0044602,0.0206847,smooth
0302,1288,0.0096458,0.1458587,rough
0302,1289,0.0014018,0.0847207,NC
0302,1292,0.0088218,0.0556672,rough
0302,1294,0.005058,0.0277849,NC
0302,1295,0.0021481,0.0202712,mixed
0302,1296,0.0059412,0.0249878,NC
0302,1298,0.005783,0.0378813,NC
0302,1299,0.0032752,0.0264377,NC
0302,1301,0.0079001,0.0320806,NC
0302,1302,0.0071918,0.0315048,NC
0302,1303,0.0044724,0.014764,smooth
0302,1305,0.0019458,0.017869,rough
0302,1306,0.0021737,0.0308791,NC
0302,1308,0.0043651,0.0180843,mixed
0302,1309,0.0053401,0.0337893,NC
0302,1310,0.011292,0.1474011,smooth
0302,1311,0.0022516,0.0448175,rough
0302,1313,0.0060791,0.111266,rough
0302,1318,0.0014264,0.0232557,NC
0302,1321,0.0065156,0.0527626,rough
0302,1323,0.0061733,0.0627552,rough
0302,1324,0.0073533,0.0256481,water
0302,1325,0.0034373,0.0184519,smooth
0302,1327,0.0032332,0.0827251,NC
0302,1328,0.0025765,0.0237062,NC
0302,1330,0.0049854,0.0204117,water
0302,1333,0.004303,0.0743506,NC
0302,1334,0.0025701,0.0289681,NC
0302,1335,0.0056882,0.0403879,NC
0302,1336,0.0054244,0.0164171,mixed
0302,1337,0.0021026,0.0208626,NC
0302,1340,0.0080147,0.0590263,smooth
0302,1347,0.0026279,0.0452838,smooth
0302,1348,0.0032758,0.0146147,NC
0302,1349,0.0065267,0.0733892,mixed
0302,1350,0.0045604,0.0777899,smooth
0302,1352,0.0052381,0.0494333,smooth
0302,1353,0.0039393,0.0410463,NC
0302,1356,0.0044953,0.0115481,mixed
0302,1358,0.0037389,0.097535,NC
0302,1361,0.006379,0.0625952,NC
0302,1362,0.0106201,0.0669797,NC
0302,1363,0.0038152,0.0407899,mixed
0302,1365,0.0073703,0.0450259,NC
0302,1366,0.004578,0.0269498,mixed
0302,1367,0.0089534,0.0336729,mixed
0302,1368,0.0037055,0.0113542,NC
0302,1369,0.0018426,0.0145589,mixed
0302,1370,0.0060406,0.0290156,mixed
0302,1373,0.0042939,0.031802,NC
0302,1375,0.004823,0.0351888,NC
0302,1376,0.0012429,0.0164781,smooth
0302,1377,0.00841,0.0439117,NC
0302,1378,0.0025888,0.0126355,smooth
0302,1380,0.0061758,0.070586,mixed
0302,1381,0.0034375,0.070481,rough
0302,1384,0.0027955,0.0179327,smooth
0302,1385,0.0049712,0.0176093,NC
0302,1387,0.0059955,0.1061748,NC
0302,1388,0.0021636,0.0349239,NC
0302,1389,0.0038857,0.019967,smooth
0302,1392,0.0057669,0.0250191,water
0302,1393,0.0067175,0.0226973,NC
0302,1394,0.0042018,0.0289331,water
0302,1396,0.0036838,0.0528697,NC
0302,1398,0.0052162,0.0708484,NC
0302,1402,0.0038341,0.0170759,smooth
0302,1404,0.0063327,0.1016237,mixed
0302,1405,0.0015769,0.0206419,smooth
0302,1406,0.0086854,0.016843,mixed
0302,1408,0.0028107,0.019851,smooth
0302,1411,0.0050461,0.0314102,NC
0302,1416,0.0046028,0.049131,mixed
0302,1417,0.0066392,0.0417835,smooth
0302,1418,0.0049749,0.0564684,rough
0302,1419,0.0067013,0.0483319,NC
0302,1422,0.0134148,0.0536822,rough
0302,1423,0.0039603,0.0676254,NC
0302,1424,0.0062767,0.0446559,mixed
0302,1425,0.0048368,0.0205036,NC
0302,1426,0.0039364,0.0372386,mixed
0302,1427,0.0049583,0.0280958,mixed
0302,1431,0.003695,0.0595598,mixed
0302,1432,0.0081601,0.0408268,rough
0302,1433,0.0042899,0.0184042,water
0302,1434,0.0084685,0.1153657,smooth
0302,1439,0.0057132,0.0380456,mixed
0302,1442,0.0029116,0.0120221,mixed
0302,1443,0.0072261,0.045209,mixed
0302,1445,0.0041726,0.0409235,mixed
0302,1446,0.002948,0.0806827,mixed
0302,1447,0.0034807,0.0397825,NC
0302,1448,0.0064963,0.0469484,NC
0302,1449,0.0039748,0.0269563,mixed
0302,1452,0.0074431,0.0367962,NC
0302,1455,0.0028777,0.0407639,NC
0302,1457,0.0027135,0.0183426,NC
0302,1459,0.0036835,0.0839737,NC
0302,1461,0.0020408,0.0177659,smooth
0302,1465,0.0032289,0.0381003,smooth
0302,1467,0.0057468,0.0484279,NC
0302,1471,0.0038012,0.0255703,NC
0302,1472,0.0091146,0.0963945,rough
0302,1476,0.0091299,0.0469824,NC
0302,1477,0.0035841,0.0483776,smooth
0302,1478,0.0037858,0.021052,smooth
0302,1480,0.0128355,0.0925897,rough
0302,1481,0.0015819,0.0166245,smooth
0302,1492,0.0037863,0.0865313,rough
0302,1494,0.0038381,0.0744164,mixed
0302,1495,0.0054625,0.0684224,smooth
0302,1496,0.0063041,0.0194835,NC
0302,1497,0.0079695,0.1030013,NC
0302,1498,0.008017,0.0350243,smooth
0302,1501,0.0094774,0.096984,NC
0302,1502,0.002791,0.0165386,smooth
0302,1506,0.0040459,0.0096586,smooth
0302,1507,0.0064721,0.0375407,NC
0302,1512,0.0020447,0.0475781,smooth
0302,1513,0.0103892,0.0152123,mixed
0302,1518,0.0030317,0.0745232,mixed
0302,1519,0.0062554,0.03949,rough
0302,1521,0.0037145,0.0278284,smooth
0302,1524,0.0023965,0.0354749,mixed
0302,1525,0.0099476,0.0396767,rough
0302,1529,0.003926,0.0310455,mixed
0302,1533,0.0015991,0.0631051,rough
0302,1535,0.0010309,0.0457132,smooth
0302,1537,0.0036713,0.0235822,smooth
0302,1538,0.0027699,0.0152543,NC
0302,1541,0.0092895,0.0418777,smooth
0302,1543,0.0082979,0.0683017,mixed
0302,1544,0.002556,0.0359881,smooth
0302,1545,0.0067136,0.0280565,rough
0302,1546,0.0059389,0.018451,smooth
0302,1547,0.0037857,0.0662304,smooth
0302,1548,0.0017505,0.0153669,smooth
0302,1549,0.0042923,0.1073521,NC
0302,1550,0.002885,0.0257522,smooth
0302,1551,0.0050012,0.0651916,NC
0302,1552,0.004329,0.0478003,rough
0302,1554,0.0029414,0.1090452,smooth
0302,1556,0.0035657,0.0826035,mixed
0302,1558,0.0075184,0.0291961,NC
0302,1559,0.0099055,0.0279388,NC
0302,1560,0.0067381,0.0500853,NC
0302,1561,0.0068333,0.0213571,NC
0302,1562,0.0051345,0.0330093,smooth
0302,1564,0.0030692,0.0677625,NC
0302,1565,0.002267,0.0346906,mixed
0302,1568,0.0036006,0.0427915,NC
0302,1569,0.0029005,0.0633728,NC
0302,1570,0.0114758,0.0192179,NC
0302,1571,0.0077998,0.0298042,mixed
0302,1572,0.0053648,0.0718761,smooth
0302,1573,0.0082596,0.0402978,rough
0302,1574,0.0104689,0.0124659,mixed
0302,1575,0.0037546,0.018141,NC
0302,1576,0.0056889,0.0844729,mixed
0302,1582,0.0039251,0.0247171,NC
0302,1583,0.007491,0.0261757,mixed
0302,1584,0.008073,0.0291547,mixed
0302,1585,0.0018425,0.024098,smooth
0302,1588,0.0097237,0.0506889,rough
0302,1589,0.0038543,0.0287465,smooth
0302,1591,0.0068849,0.0451904,smooth
0302,1594,0.0042402,0.0266039,NC
0302,1596,0.0034973,0.0453051,mixed
0302,1597,0.0055731,0.0176928,NC
0302,1600,0.0045837,0.0210985,mixed
0302,1601,0.0055031,0.0192338,mixed
0302,1602,0.0084087,0.0271956,NC
0302,1605,0.0055274,0.1075095,rough
0302,1606,0.0056447,0.0716201,mixed
0302,1608,0.0037141,0.0348555,smooth
0302,1610,0.0027385,0.0361814,mixed
0302,1611,0.0048315,0.1805757,rough
0302,1612,0.0019126,0.0907851,NC
0302,1614,0.0014731,0.0159798,smooth
0302,1616,0.0067238,0.0618623,mixed
0302,1617,0.0024724,0.0135047,smooth
0302,1618,0.0023588,0.0161589,smooth
0302,1620,0.0029538,0.0141934,smooth
0302,1621,0.0069198,0.0591795,rough
0302,1625,0.0030672,0.0169205,smooth
0302,1627,0.0041098,0.0281278,NC
0302,1628,0.0073965,0.0434978,mixed
0302,1629,0.0087463,0.0713331,NC
0302,1630,0.004642,0.0256125,smooth
0302,1632,0.0073353,0.0277024,NC
0302,1634,0.0031667,0.0310949,smooth
0302,1635,0.0027055,0.0895279,NC
0302,1636,0.01027,0.0316754,mixed
0302,1638,0.0022535,0.0459949,rough
0302,1639,0.0021406,0.0269104,smooth
0302,1641,0.0028046,0.0197364,smooth
0302,1644,0.0023935,0.0237977,smooth
0302,1645,0.0029805,0.0133558,smooth
0302,1647,0.0032382,0.0338886,NC
0302,1648,0.0034814,0.0386538,smooth
0302,1652,0.0058068,0.0371731,mixed
0302,1653,0.0089951,0.0704859,rough
0302,1654,0.0026633,0.0454654,mixed
0302,1655,0.004486,0.0856341,mixed
0302,1656,0.0051514,0.0717893,mixed
0302,1661,0.0037015,0.0544888,NC
0302,1663,0.0090556,0.0347734,rough
0302,1665,0.0097606,0.0755151,smooth
0302,1666,0.0073997,0.0652205,rough
0302,1667,0.0035549,0.0854654,smooth
0302,1668,0.0011744,0.0477229,smooth
0302,1669,0.0042829,0.041154,mixed
0302,1670,0.0066551,0.0828732,rough
0302,1672,0.0027803,0.0267145,smooth
0302,1673,0.0046812,0.0245997,water
0302,1677,0.0013515,0.0458608,NC
0302,1678,0.0186061,0.0309416,NC
0302,1679,0.0088986,0.0533496,NC
0302,1682,0.0061729,0.1800804,smooth
0302,1684,0.0032066,0.036211,smooth
0302,1686,0.0047025,0.0240013,mixed
0302,1687,0.0077197,0.0489278,smooth
0302,1688,0.0075217,0.1149479,NC
0302,1689,0.00407,0.0180223,NC
0302,1690,0.0063348,0.0396367,rough
0302,1692,0.0044137,0.0465378,NC
0302,1693,0.0058613,0.0704896,NC
0302,1694,0.0038536,0.0298776,mixed
0302,1695,0.0047418,0.0082268,smooth
0302,1698,0.0030352,0.123948,NC
0302,1699,0.0070326,0.0466437,water
0302,1700,0.0041023,0.0265089,smooth
0302,1703,0.0030769,0.0239033,smooth
0302,1704,0.0076469,0.0465743,NC
0302,1707,0.0046372,0.0196225,smooth
0302,1708,0.0073894,0.067663,NC
0302,1709,0.002439,0.0300308,NC
0302,1712,0.0090047,0.0494245,NC
0302,1714,0.0049579,0.0665575,rough
0302,1720,0.0047982,0.0372657,mixed
0302,1721,0.0025029,0.0421864,smooth
0302,1724,0.013784,0.048313,NC
0302,1725,0.0151508,0.1057983,mixed
0302,1726,0.002806,0.0235097,mixed
0302,1727,0.0050971,0.0352211,NC
0302,1728,0.0037476,0.0258749,smooth
0302,1729,0.0017199,0.0325481,mixed
0302,1730,0.0051786,0.0407166,rough
0302,1731,0.0029844,0.0259421,water
0302,1732,0.0065424,0.0509215,NC
0302,1735,0.0040983,0.0264177,NC
0302,1737,0.0064103,0.0373818,NC
0302,1738,0.0032687,0.021448,mixed
0302,1740,0.0140599,0.1053255,rough
0302,1744,0.0036615,0.0495744,NC
0302,1746,0.0044528,0.0127318,smooth
0302,1749,0.0042843,0.0356451,NC
0302,1750,0.0036176,0.0231526,mixed
0302,1751,0.0057713,0.0343737,NC
0302,1754,0.0073631,0.061738,rough
0302,1757,0.004542,0.0256766,NC
0302,1758,0.010041,0.0206634,mixed
0302,1759,0.0017182,0.0084157,smooth
0302,1760,0.0035907,0.0414328,NC
0302,1762,0.0059418,0.0429468,mixed
0302,1763,0.0027772,0.1045356,rough
0302,1765,0.0047227,0.0525845,mixed
0302,1766,0.0074321,0.0398821,mixed
0302,1767,0.0053066,0.0358892,NC
0302,1769,0.0015531,0.0226846,smooth
0302,1771,0.0030904,0.0733689,NC
0302,1774,0.0063994,0.0543851,NC
0302,1775,0.0064113,0.0414826,smooth
0302,1779,0.0036181,0.0133126,smooth
0302,1780,0.0071779,0.0484308,NC
0302,1781,0.003153,0.041873,NC
0302,1783,0.0030663,0.0432755,smooth
0302,1784,0.0044162,0.0367582,NC
0302,1786,0.0027087,0.0186314,smooth
0302,1787,0.0033373,0.0597343,rough
0302,1788,0.0029907,0.0347163,NC
0302,1789,0.0026209,0.0167757,smooth
0302,1791,0.0029873,0.0201447,NC
0302,1792,0.0108608,0.0423351,smooth
0302,1793,0.0049257,0.1305588,rough
0302,1794,0.0022895,0.0435705,smooth
0302,1795,0.0021912,0.0227726,mixed
0302,1796,0.0109311,0.0393378,rough
0302,1799,0.0021735,0.0108989,NC
0302,1802,0.0027659,0.0144689,mixed
0302,1803,0.0083753,0.0772983,smooth
0302,1804,0.0082026,0.0955026,NC
0302,1806,0.0037648,0.0492734,NC
0302,1809,0.0043861,0.1234684,rough
0302,1810,0.0033286,0.0316204,mixed
0302,1811,0.0093222,0.0549477,rough
0302,1812,0.002987,0.0171452,mixed
0302,1817,0.0063928,0.046807,NC
0302,1822,0.0057553,0.0359833,water
0302,1823,0.0039367,0.0188953,smooth
0302,1825,0.0039279,0.0270058,water
0302,1826,0.0011002,0.0115232,smooth
0302,1827,0.0079072,0.0634461,smooth
0302,1828,0.0046404,0.0668527,NC
0302,1829,0.0088439,0.0471894,NC
0302,1830,0.0043821,0.0475927,smooth
0302,1831,0.0072733,0.0225788,smooth
0302,1832,0.0019829,0.0177304,NC
0302,1833,0.0040581,0.0271394,NC
0302,1835,0.0029582,0.0610402,NC
0302,1836,0.0058983,0.0522796,rough
0302,1837,0.0018346,0.0124595,mixed
0302,1839,0.0055249,0.0395361,mixed
0302,1840,0.0082064,0.1344168,NC
0302,1841,0.0069103,0.0613599,water
0302,1843,0.0015533,0.0166483,mixed
0302,1844,0.0034067,0.3893534,smooth
0302,1846,0.005846,0.0227882,mixed
0302,1847,0.0080539,0.1503697,smooth
0302,1848,0.0038695,0.0184074,smooth
0302,1850,0.0071084,0.0518697,NC
0302,1852,0.0047198,0.0300055,NC
0302,1853,0.009599,0.0550996,NC
0302,1857,0.00352,0.0236203,NC
0302,1859,0.0044074,0.0815586,NC
0302,1860,0.0041965,0.0236318,smooth
0302,1862,0.0107628,0.0427083,smooth
0302,1863,0.0056662,0.0622557,NC
0302,1866,0.0045076,0.0657884,NC
0302,1867,0.0082878,0.0533506,mixed
0302,1868,0.0085961,0.0338813,NC
0302,1873,0.0017648,0.123711,smooth
0302,1874,0.0121454,0.0375613,smooth
0302,1876,0.0022321,0.0106931,water
0302,1877,0.0066078,0.0221946,smooth
0302,1878,0.0056533,0.0237693,mixed
0302,1879,0.0035358,0.0182144,mixed
0302,1880,0.0061487,0.0353395,NC
0302,1881,0.0062053,0.0584771,mixed
0302,1882,0.0165882,0.1217228,mixed
0302,1883,0.0065421,0.0621966,rough
0302,1885,0.0039668,0.0358071,mixed
0302,1887,0.0086057,0.0333577,NC
0302,1888,0.0028651,0.0481305,rough
0302,1889,0.0027752,0.0217398,NC
0302,1890,0.002176,0.0171059,NC
0302,1891,0.0033817,0.0965093,NC
0302,1892,0.0104483,0.0312583,smooth
0302,1894,0.0049434,0.0557557,NC
0302,1897,0.0054283,0.0101213,mixed
0302,1899,0.004754,0.038367,mixed
0302,1900,0.0020624,0.0200019,mixed
0302,1901,0.0037599,0.1077061,NC
0302,1903,0.0022236,0.0405934,NC
0302,1905,0.0054801,0.0502859,NC
0302,1906,0.0087954,0.0299881,NC
0302,1908,0.0038117,0.0154306,smooth
0302,1909,0.0035971,0.048432,smooth
0302,1912,0.0032689,0.0311464,NC
0302,1913,0.0052053,0.0323318,smooth
0302,1916,0.0036081,0.0417705,NC
0302,1920,0.005038,0.0372009,rough
0302,1924,0.0129637,0.0524693,rough
0302,1925,0.0034,0.0123111,NC
0302,1927,0.0080001,0.107673,mixed
0302,1931,0.0035339,0.0661033,NC
0302,1933,0.0011942,0.0304384,NC
0302,1934,0.0037826,0.0342636,NC
0302,1936,0.0071593,0.0443954,NC
0302,1941,0.0084978,0.0391751,rough
0302,1942,0.0075642,0.0470754,NC
0302,1945,0.0018874,0.0259348,NC
0302,1947,0.0047507,0.0599936,NC
0302,1948,0.0044835,0.0184782,smooth
0302,1949,0.006945,0.0553873,NC
0302,1952,0.0019618,0.0132105,mixed
0302,1953,0.005222,0.0712327,NC
0302,1954,0.0052299,0.0481635,NC
0302,1956,0.0017319,0.0251392,NC
0302,1957,0.0066119,0.0765169,mixed
0302,1959,0.0016033,0.0215045,rough
0302,1963,0.0058571,0.0245059,mixed
0302,1965,0.0078295,0.0975104,NC
0302,1967,0.0038206,0.0505548,NC
0302,1968,0.0062556,0.176912,rough
0302,1971,0.0035967,0.0495796,smooth
0302,1972,0.002715,0.0053988,smooth
0302,1973,0.0037705,0.0268447,NC
0302,1974,0.0098172,0.0332091,rough
0302,1975,0.0038654,0.0161626,mixed
0302,1980,0.0053881,0.0562716,rough
0302,1982,0.0025807,0.0462736,smooth
0302,1983,0.0043831,0.0254812,mixed
0302,1984,0.0033206,0.0419128,smooth
0302,1985,0.0061123,0.0114923,mixed
0302,1986,0.0068274,0.0582194,NC
0302,1987,0.0080989,0.0349509,NC
0302,1988,0.0031172,0.0323221,NC
0302,1991,0.003162,0.0485222,smooth
0302,1992,0.0072474,0.0622777,rough
0302,1995,0.0034296,0.0551529,rough
0302,2004,0.0029855,0.0315065,mixed
0302,2005,0.0070086,0.0319443,smooth
0302,2006,0.0107246,0.2800715,NC
0302,2009,0.005864,0.0556306,NC
0302,2010,0.0038106,0.0253843,mixed
0302,2011,0.0025983,0.0145353,smooth
0302,2012,0.0049457,0.0316854,mixed
0302,2013,0.0020693,0.0173003,smooth
0302,2014,0.0043242,0.0535978,mixed
0302,2015,0.0043973,0.0232872,NC
0302,2017,0.0115501,0.0660498,NC
0302,2022,0.0032572,0.0350475,NC
0302,2023,0.0085239,0.0229493,NC
0302,2024,0.0044395,0.010978,mixed
0302,2025,0.0049703,0.0357213,NC
0302,2030,0.0106859,0.0369659,mixed
0302,2031,0.0013691,0.0371047,water
0302,2033,0.0070376,0.0425324,NC
0302,2034,0.0072977,0.0392329,smooth
0302,2035,0.0091836,0.0419716,rough
0302,2036,0.0054532,0.0170629,smooth
0302,2038,0.0064766,0.0369809,rough
0302,2039,0.0077692,0.0928556,rough
0302,2040,0.0054278,0.0290304,mixed
0302,2041,0.0044619,0.0628262,NC
0302,2042,0.003721,0.0973834,NC
0302,2043,0.0061245,0.0578591,mixed
0302,2045,0.0071711,0.0484298,NC
0302,2046,0.0117292,0.0616759,rough
0302,2049,0.0021942,0.0155412,smooth
0302,2050,0.0046279,0.1186078,rough
0302,2052,0.001982,0.0580079,rough
0302,2053,0.0048285,0.0205736,mixed
0302,2054,0.0131199,0.0366713,smooth
0302,2055,0.0085615,0.046635,NC
0302,2057,0.0061126,0.0506638,mixed
0302,2058,0.0030888,0.232889,NC
0302,2059,0.0063653,0.070463,rough
0302,2061,0.0023721,0.0496487,NC
0302,2062,0.0037231,0.1463825,NC
0302,2064,0.0029391,0.0459183,NC
0302,2065,0.005249,0.0358392,mixed
0302,2067,0.0057138,0.0363299,mixed
0302,2071,0.0030881,0.0169702,NC
0302,2072,0.0060656,0.0692226,mixed
0302,2073,0.0051266,0.0606607,mixed
0302,2074,0.0017249,0.0371892,rough
0302,2075,0.0088107,0.0534407,NC
0302,2077,0.0044534,0.0735643,mixed
0302,2078,0.0022498,0.0245233,smooth
0302,2079,0.0050423,0.0389423,mixed
0302,2081,0.0052778,0.0212233,smooth
0302,2082,0.0050887,0.042105,rough
0302,2083,0.0037049,0.0286967,mixed
0302,2084,0.0042468,0.0287362,smooth
0302,2085,0.0038421,0.0252657,mixed
0302,2088,0.0068933,0.0874829,mixed
0302,2089,0.0052897,0.0184493,smooth
0302,2090,0.0062008,0.0435371,rough
0302,2091,0.0044917,0.0254401,smooth
0302,2092,0.0082709,0.0482698,NC
0302,2095,0.0054638,0.0368898,rough
0302,2097,0.0046382,0.4003045,smooth
0302,2098,0.0047557,0.2161732,rough
0302,2099,0.0045106,0.0253672,mixed
0302,2101,0.0041662,0.0301064,smooth
0302,2102,0.0110842,0.0242779,NC
0302,2104,0.0107941,0.0464067,NC
0302,2105,0.0079373,0.0939202,rough
0302,2106,0.0025295,0.0265398,smooth
0302,2107,0.0043268,0.0139121,mixed
0302,2108,0.0133614,0.0907804,smooth
0302,2109,0.0039357,0.043954,mixed
0302,2113,0.0047664,0.0309182,NC
0302,2114,0.0040155,0.0188272,smooth
0302,2117,0.0042853,0.0495354,mixed
0302,2118,0.0031976,0.0276378,mixed
0302,2122,0.0102024,0.0435875,rough
0302,2123,0.0071466,0.0373995,smooth
0302,2124,0.0028904,0.0738709,rough
0302,2125,0.005463,0.0273099,NC
0302,2127,0.0030166,0.0380151,smooth
0302,2131,0.0064267,0.0453918,NC
0302,2132,0.0177911,0.0598136,rough
0302,2133,0.0039565,0.0198153,water
0302,2135,0.002171,0.0136728,smooth
0302,2139,0.0071124,0.0386303,rough
0302,2140,0.0068515,0.0333853,NC
0302,2142,0.0017135,0.0273224,NC
0302,2143,0.0071408,0.0556662,rough
0302,2147,0.0077523,0.0648129,NC
0302,2148,0.0074967,0.0515912,rough
0302,2150,0.0052114,0.027339,smooth
0302,2151,0.0035441,0.0283189,mixed
0302,2153,0.0046181,0.0698446,rough
0302,2154,0.0115328,0.0805364,NC
0302,2156,0.0043671,0.0512311,mixed
0302,2158,0.0075684,0.0248741,NC
0302,2159,0.0050697,0.0405915,mixed
0302,2160,0.0085425,0.0277115,NC
0302,2163,0.0064053,0.083923,smooth
0302,2164,0.0035076,0.0279142,rough
0302,2165,0.0028464,0.0240333,smooth
0302,2166,0.0024523,0.013244,NC
0302,2169,0.0068612,0.0877925,NC
0302,2172,0.0022921,0.0392955,smooth
0302,2173,0.0034158,0.0407931,NC
0302,2176,0.0042891,0.0573355,NC
0302,2177,0.0052341,0.042886,mixed
0302,2178,0.0123421,0.0362455,NC
0302,2180,0.0020803,0.0233817,smooth
0302,2181,0.002962,0.0358809,NC
0302,2184,0.0024668,0.025591,NC
0302,2185,0.0047713,0.0262708,smooth
0302,2186,0.0035968,0.0166537,NC
0302,2188,0.0053607,0.035809,smooth
0302,2192,0.0038575,0.0286313,smooth
0302,2194,0.0124375,0.0419806,mixed
0302,2195,0.0035914,0.0480855,rough
0302,2196,0.0040339,0.026043,smooth
0302,2197,0.0118784,0.0341215,NC
0302,2198,0.0034813,0.0361038,mixed
0302,2199,0.0023272,0.0228564,smooth
0302,2202,0.0033059,0.0823673,NC
0302,2203,0.0025101,0.0815316,NC
0302,2204,0.0068707,0.0273468,NC
0302,2205,0.0088888,0.0599223,NC
0302,2207,0.0118621,0.0456512,mixed
0302,2209,0.0029304,0.0116877,NC
0302,2212,0.0070219,0.0487958,rough
0302,2214,0.0037394,0.0569237,NC
0302,2215,0.0049663,0.0368024,rough
0302,2216,0.0022751,0.0271929,smooth
0302,2217,0.0031333,0.0213137,NC
0302,2220,0.0046959,0.063633,smooth
0302,2221,0.0040519,0.0509456,rough
0302,2224,0.0017091,0.0319593,water
0302,2227,0.0062843,0.0424729,rough
0302,2228,0.003255,0.0243139,water
0302,2229,0.0014779,0.0299844,smooth
0302,2231,0.0045147,0.0372893,mixed
0302,2232,0.0052388,0.1105845,smooth
0302,2234,0.0022044,0.053313,NC
0302,2235,0.0066825,0.061638,NC
0302,2236,0.0049258,0.0959031,NC
0302,2237,0.0083153,0.109801,mixed
0302,2238,0.0054165,0.0221949,NC
0302,2239,0.0029276,0.025725,smooth
0302,2240,0.003511,0.0369583,NC
0302,2244,0.0052472,0.0386085,rough
0302,2245,0.0053661,0.0867389,rough
0302,2247,0.0053989,0.0417145,NC
0302,2249,0.0022989,0.0217054,mixed
0302,2258,0.0042151,0.0190827,water
0302,2259,0.0092926,0.0278999,NC
0302,2260,0.0046932,0.0656205,smooth
0302,2263,0.0035731,0.0291176,mixed
0302,2266,0.0036397,0.0259851,NC
0302,2268,0.0048118,0.0184765,smooth
0302,2270,0.0063887,0.059456,water
0302,2271,0.0265919,0.0402094,rough
0302,2272,0.0029823,0.033952,mixed
0302,2273,0.0069388,0.0226297,mixed
0302,2274,0.0053708,0.0397897,NC
0302,2275,0.0073787,0.0966475,mixed
0302,2276,0.0055663,0.0306439,smooth
0302,2278,0.0020475,0.0650471,NC
0302,2279,0.0058493,0.074959,mixed
0302,2281,0.0080058,0.0248715,water
0302,2283,0.0053929,0.0759574,mixed
0302,2284,0.0023103,0.0325324,NC
0302,2285,0.0049584,0.017188,smooth
0302,2286,0.0042626,0.0137006,NC
0302,2287,0.0043543,0.0672784,smooth
0302,2288,0.0035594,0.028465,smooth
0302,2291,0.0043548,0.0379804,NC
0302,2292,0.0030978,0.0594377,NC
0302,2293,0.0044754,0.0526698,NC
0302,2295,0.0042014,0.0567782,NC
0302,2299,0.0016145,0.0323885,smooth
0302,2300,0.0038989,0.0359463,NC
0302,2302,0.0077097,0.0641533,smooth
0302,2308,0.0050124,0.0380778,NC
0302,2313,0.0033596,0.03119,mixed
0302,2314,0.0098396,0.0401283,NC
0302,2316,0.00247,0.1266767,NC
0302,2317,0.004686,0.0453353,mixed
0302,2318,0.0040275,0.0871226,NC
0302,2319,0.0052624,0.0439984,rough
0302,2320,0.003294,0.0182778,NC
0302,2322,0.0049851,0.0526276,NC
0302,2326,0.0029169,0.0227548,NC
0302,2327,0.0053419,0.0336351,mixed
0302,2328,0.0054182,0.0462034,rough
0302,2330,0.0025636,0.0210857,mixed
0302,2331,0.0053371,0.0218207,NC
0302,2333,0.0036098,0.0851955,mixed
0302,2335,0.008774,0.1864163,rough
0302,2337,0.0060163,0.0366473,NC
0302,2338,0.0014125,0.0234801,smooth
0302,2339,0.0049919,0.0647769,NC
0302,2340,0.0055948,0.0220632,rough
0302,2347,0.0057088,0.0214185,mixed
0302,2349,0.0064077,0.0347921,water
0302,2352,0.0075557,0.0731594,NC
0302,2353,0.0039797,0.0613413,NC
0302,2354,0.0032873,0.0312299,NC
0302,2356,0.0032097,0.0367617,NC
0302,2357,0.0056856,0.023254,NC
0302,2358,0.0094611,0.0629998,smooth
0302,2359,0.0039005,0.1147158,rough
0302,2361,0.0042481,0.0778159,mixed
0302,2362,0.0089312,0.0794317,rough
0302,2363,0.006814,0.0782067,mixed
0302,2367,0.0010796,0.0341111,smooth
0302,2371,0.0053555,0.0426865,rough
0302,2372,0.0038483,0.1161372,NC
0302,2373,0.0102913,0.0663508,rough
0302,2376,0.0045137,0.1783758,NC
0302,2377,0.0078676,0.0940641,mixed
0302,2378,0.0058759,0.0153762,rough
0302,2379,0.001915,0.0652305,mixed
0302,2380,0.0049441,0.0231749,NC
0302,2382,0.0018309,0.0201824,mixed
0302,2385,0.0032873,0.0119909,smooth
0302,2386,0.0034688,0.0421259,smooth
0302,2388,0.0051378,0.0700503,rough
0302,2389,0.007503,0.0561821,NC
0302,2395,0.0039227,0.0235903,mixed
0302,2397,0.0032427,0.0269833,NC
0302,2399,0.0104033,0.0566897,NC
0302,2400,0.0083707,0.1908781,rough
0302,2401,0.0029514,0.0542898,mixed
0302,2404,0.0047311,0.0311375,mixed
0302,2405,0.00768,0.0210698,water
0302,2407,0.0051551,0.0814756,NC
0302,2408,0.007522,0.0272271,water
0302,2409,0.0063301,0.051457,smooth
0302,2410,0.0100255,0.0293603,NC
0302,2412,0.0041444,0.0389652,NC
0302,2414,0.0114827,0.0948106,rough
0302,2415,0.0026295,0.023225,smooth
0302,2418,0.0044055,0.0332603,NC
0302,2419,0.0021035,0.0298143,smooth
0302,2423,0.0060985,0.0261234,smooth
0302,2424,0.0029319,0.040001,smooth
0302,2425,0.0054977,0.071656,mixed
0302,2426,0.0024532,0.0451175,NC
0302,2431,0.0037234,0.0970689,NC
0302,2433,0.0041455,0.0282344,mixed
0302,2435,0.0018606,0.029547,NC
0302,2436,0.0024608,0.0186024,smooth
0302,2437,0.004041,0.0536995,rough
0302,2438,0.0025724,0.0295381,NC
0302,2440,0.0061365,0.0362187,smooth
0302,2441,0.0081535,0.0708151,mixed
0302,2442,0.0033955,0.0367139,NC
0302,2443,0.0059374,0.0910496,mixed
0302,2444,0.0046406,0.0350922,NC
0302,2446,0.0049658,0.025831,smooth
0302,2448,0.0035538,0.0263918,NC
0302,2449,0.0106945,0.0269501,rough
0302,2450,0.0049121,0.0551668,mixed
0302,2452,0.0054804,0.0291091,mixed
0302,2454,0.0052921,0.0152898,NC
0302,2456,0.0033844,0.0176726,NC
0302,2458,0.0053447,0.011904,NC
0302,2459,0.006295,0.051298,NC
0302,2461,0.0039229,0.044081,water
0302,2464,0.0053912,0.0244681,mixed
0302,2465,0.0025857,0.0170824,NC
0302,2469,0.0037984,0.0339668,mixed
0302,2470,0.00195,0.0253356,smooth
0302,2471,0.0040412,0.04144,NC
0302,2472,0.0071112,0.0565042,rough
0302,2473,0.0039095,0.0272849,mixed
0302,2474,0.0047539,0.0249722,mixed
0302,2477,0.0084064,0.0521599,NC
0302,2479,0.0069499,0.0392392,NC
0302,2482,0.0082912,0.0268366,NC
0302,2484,0.009422,0.0442924,smooth
0302,2485,0.0056453,0.0168943,NC
0302,2486,0.0024027,0.0722204,smooth
0302,2488,0.0123908,0.1738946,smooth
0302,2489,0.0041985,0.0770922,NC
0302,2491,0.002262,0.06363,smooth
0302,2493,0.0080769,0.1090086,smooth
0302,2494,0.0076982,0.0524057,mixed
0302,2497,0.0044735,0.0248704,NC
0302,2498,0.0047979,0.0415373,mixed
0302,2500,0.007681,0.0294356,mixed
0302,2503,0.0050042,0.0218193,rough
0302,2504,0.0032564,0.023865,smooth
0302,2505,0.0022275,0.0559965,rough
0302,2507,0.0029587,0.023803,water
0302,2508,0.0113972,0.0269918,NC
0302,2509,0.0039999,0.3096322,NC
0302,2512,0.0031179,0.0423155,smooth
0302,2514,0.0042269,0.01692,mixed
0302,2516,0.0028802,0.0444281,NC
0302,2519,0.011317,0.0555711,NC
0302,2521,0.00612,0.0935044,NC
0302,2524,0.0045376,0.0466467,mixed
0302,2525,0.0032137,0.0713712,water
0302,2529,0.0039991,0.0402793,NC
0302,2531,0.0095186,0.043927,mixed
0302,2533,0.0089449,0.4733536,smooth
